sampling_rate_hz,freq_resolution_hz,window_duration_s,windows_per_epoch,pts_per_window,smooth_factor,high_filter,low_filter,notch_filter,zero_means_suppressed,col_index,i_code,i_group,sub_index,csv_header,mmx_instrument,variable_name,family,sub_column,units,power_scale,freq_band,freq_min_hz,freq_max_hz,hemisphere,region,electrode,engine,epoch_duration_s,epoch_step_s,rows_per_obs,resolution,evidence_tier,evidence_note
64.0,,,,,,26 Hz,0.2 sec,50+60 Hz,,1,I1_1,1,1,"aEEG, All 10-20",aEEG All 10-20_avg,aeeg_max,aeeg,max,µV (peak-to-peak),,,,,,,,aEEG01,1.0,1.0,1,ordinal,P-COMM,"Mike 2026-08-20: Max, Min, Median, p75, p25"
64.0,,,,,,26 Hz,0.2 sec,50+60 Hz,,2,I1_2,1,2,"aEEG, All 10-20",aEEG All 10-20_avg,aeeg_min,aeeg,min,µV (peak-to-peak),,,,,,,,aEEG01,1.0,1.0,1,ordinal,P-COMM,"Mike 2026-08-20: Max, Min, Median, p75, p25"
64.0,,,,,,26 Hz,0.2 sec,50+60 Hz,,3,I1_3,1,3,"aEEG, All 10-20",aEEG All 10-20_avg,aeeg_p50,aeeg,p50,µV (peak-to-peak),,,,,,,,aEEG01,1.0,1.0,1,ordinal,P-COMM,"Mike 2026-08-20: Max, Min, Median, p75, p25"
64.0,,,,,,26 Hz,0.2 sec,50+60 Hz,,4,I1_4,1,4,"aEEG, All 10-20",aEEG All 10-20_avg,aeeg_p75,aeeg,p75,µV (peak-to-peak),,,,,,,,aEEG01,1.0,1.0,1,ordinal,P-COMM,"Mike 2026-08-20: Max, Min, Median, p75, p25"
64.0,,,,,,26 Hz,0.2 sec,50+60 Hz,,5,I1_5,1,5,"aEEG, All 10-20",aEEG All 10-20_avg,aeeg_p25,aeeg,p25,µV (peak-to-peak),,,,,,,,aEEG01,1.0,1.0,1,ordinal,P-COMM,"Mike 2026-08-20: Max, Min, Median, p75, p25"
64.0,,,,,,26 Hz,0.2 sec,50+60 Hz,,6,I2_1,2,1,"aEEG, Left Hemisphere",aEEG Left Hemisphere_avg,aeeg_left_max,aeeg,max,µV (peak-to-peak),,,,,left,hemisphere,,aEEG01,1.0,1.0,1,ordinal,P-COMM,"Mike 2026-08-20: Max, Min, Median, p75, p25"
64.0,,,,,,26 Hz,0.2 sec,50+60 Hz,,7,I2_2,2,2,"aEEG, Left Hemisphere",aEEG Left Hemisphere_avg,aeeg_left_min,aeeg,min,µV (peak-to-peak),,,,,left,hemisphere,,aEEG01,1.0,1.0,1,ordinal,P-COMM,"Mike 2026-08-20: Max, Min, Median, p75, p25"
64.0,,,,,,26 Hz,0.2 sec,50+60 Hz,,8,I2_3,2,3,"aEEG, Left Hemisphere",aEEG Left Hemisphere_avg,aeeg_left_p50,aeeg,p50,µV (peak-to-peak),,,,,left,hemisphere,,aEEG01,1.0,1.0,1,ordinal,P-COMM,"Mike 2026-08-20: Max, Min, Median, p75, p25"
64.0,,,,,,26 Hz,0.2 sec,50+60 Hz,,9,I2_4,2,4,"aEEG, Left Hemisphere",aEEG Left Hemisphere_avg,aeeg_left_p75,aeeg,p75,µV (peak-to-peak),,,,,left,hemisphere,,aEEG01,1.0,1.0,1,ordinal,P-COMM,"Mike 2026-08-20: Max, Min, Median, p75, p25"
64.0,,,,,,26 Hz,0.2 sec,50+60 Hz,,10,I2_5,2,5,"aEEG, Left Hemisphere",aEEG Left Hemisphere_avg,aeeg_left_p25,aeeg,p25,µV (peak-to-peak),,,,,left,hemisphere,,aEEG01,1.0,1.0,1,ordinal,P-COMM,"Mike 2026-08-20: Max, Min, Median, p75, p25"
64.0,,,,,,26 Hz,0.2 sec,50+60 Hz,,11,I3_1,3,1,"aEEG, Right Hemisphere",aEEG Right Hemisphere_avg,aeeg_right_max,aeeg,max,µV (peak-to-peak),,,,,right,hemisphere,,aEEG01,1.0,1.0,1,ordinal,P-COMM,"Mike 2026-08-20: Max, Min, Median, p75, p25"
64.0,,,,,,26 Hz,0.2 sec,50+60 Hz,,12,I3_2,3,2,"aEEG, Right Hemisphere",aEEG Right Hemisphere_avg,aeeg_right_min,aeeg,min,µV (peak-to-peak),,,,,right,hemisphere,,aEEG01,1.0,1.0,1,ordinal,P-COMM,"Mike 2026-08-20: Max, Min, Median, p75, p25"
64.0,,,,,,26 Hz,0.2 sec,50+60 Hz,,13,I3_3,3,3,"aEEG, Right Hemisphere",aEEG Right Hemisphere_avg,aeeg_right_p50,aeeg,p50,µV (peak-to-peak),,,,,right,hemisphere,,aEEG01,1.0,1.0,1,ordinal,P-COMM,"Mike 2026-08-20: Max, Min, Median, p75, p25"
64.0,,,,,,26 Hz,0.2 sec,50+60 Hz,,14,I3_4,3,4,"aEEG, Right Hemisphere",aEEG Right Hemisphere_avg,aeeg_right_p75,aeeg,p75,µV (peak-to-peak),,,,,right,hemisphere,,aEEG01,1.0,1.0,1,ordinal,P-COMM,"Mike 2026-08-20: Max, Min, Median, p75, p25"
64.0,,,,,,26 Hz,0.2 sec,50+60 Hz,,15,I3_5,3,5,"aEEG, Right Hemisphere",aEEG Right Hemisphere_avg,aeeg_right_p25,aeeg,p25,µV (peak-to-peak),,,,,right,hemisphere,,aEEG01,1.0,1.0,1,ordinal,P-COMM,"Mike 2026-08-20: Max, Min, Median, p75, p25"
64.0,,,,,,26 Hz,0.2 sec,50+60 Hz,,16,I4_1,4,1,"aEEG, Anterior",aEEG Anterior_avg,aeeg_anterior_max,aeeg,max,µV (peak-to-peak),,,,,,anterior,,aEEG01,1.0,1.0,1,ordinal,P-COMM,"Mike 2026-08-20: Max, Min, Median, p75, p25"
64.0,,,,,,26 Hz,0.2 sec,50+60 Hz,,17,I4_2,4,2,"aEEG, Anterior",aEEG Anterior_avg,aeeg_anterior_min,aeeg,min,µV (peak-to-peak),,,,,,anterior,,aEEG01,1.0,1.0,1,ordinal,P-COMM,"Mike 2026-08-20: Max, Min, Median, p75, p25"
64.0,,,,,,26 Hz,0.2 sec,50+60 Hz,,18,I4_3,4,3,"aEEG, Anterior",aEEG Anterior_avg,aeeg_anterior_p50,aeeg,p50,µV (peak-to-peak),,,,,,anterior,,aEEG01,1.0,1.0,1,ordinal,P-COMM,"Mike 2026-08-20: Max, Min, Median, p75, p25"
64.0,,,,,,26 Hz,0.2 sec,50+60 Hz,,19,I4_4,4,4,"aEEG, Anterior",aEEG Anterior_avg,aeeg_anterior_p75,aeeg,p75,µV (peak-to-peak),,,,,,anterior,,aEEG01,1.0,1.0,1,ordinal,P-COMM,"Mike 2026-08-20: Max, Min, Median, p75, p25"
64.0,,,,,,26 Hz,0.2 sec,50+60 Hz,,20,I4_5,4,5,"aEEG, Anterior",aEEG Anterior_avg,aeeg_anterior_p25,aeeg,p25,µV (peak-to-peak),,,,,,anterior,,aEEG01,1.0,1.0,1,ordinal,P-COMM,"Mike 2026-08-20: Max, Min, Median, p75, p25"
64.0,,,,,,26 Hz,0.2 sec,50+60 Hz,,21,I5_1,5,1,"aEEG, Posterior",aEEG Posterior_avg,aeeg_posterior_max,aeeg,max,µV (peak-to-peak),,,,,,posterior,,aEEG01,1.0,1.0,1,ordinal,P-COMM,"Mike 2026-08-20: Max, Min, Median, p75, p25"
64.0,,,,,,26 Hz,0.2 sec,50+60 Hz,,22,I5_2,5,2,"aEEG, Posterior",aEEG Posterior_avg,aeeg_posterior_min,aeeg,min,µV (peak-to-peak),,,,,,posterior,,aEEG01,1.0,1.0,1,ordinal,P-COMM,"Mike 2026-08-20: Max, Min, Median, p75, p25"
64.0,,,,,,26 Hz,0.2 sec,50+60 Hz,,23,I5_3,5,3,"aEEG, Posterior",aEEG Posterior_avg,aeeg_posterior_p50,aeeg,p50,µV (peak-to-peak),,,,,,posterior,,aEEG01,1.0,1.0,1,ordinal,P-COMM,"Mike 2026-08-20: Max, Min, Median, p75, p25"
64.0,,,,,,26 Hz,0.2 sec,50+60 Hz,,24,I5_4,5,4,"aEEG, Posterior",aEEG Posterior_avg,aeeg_posterior_p75,aeeg,p75,µV (peak-to-peak),,,,,,posterior,,aEEG01,1.0,1.0,1,ordinal,P-COMM,"Mike 2026-08-20: Max, Min, Median, p75, p25"
64.0,,,,,,26 Hz,0.2 sec,50+60 Hz,,25,I5_5,5,5,"aEEG, Posterior",aEEG Posterior_avg,aeeg_posterior_p25,aeeg,p25,µV (peak-to-peak),,,,,,posterior,,aEEG01,1.0,1.0,1,ordinal,P-COMM,"Mike 2026-08-20: Max, Min, Median, p75, p25"
,,,,,,,,,,26,I6_1,6,1,Artifact Detector,Artifact,artifact_detector_i6s1,artifact_detector,,,,,,,,,,,,,,ordinal,P-COMM,Mike 2026-08-20: 18 internal classifiers; discard
,,,,,,,,,,27,I6_2,6,2,Artifact Detector,Artifact,artifact_detector_i6s2,artifact_detector,,,,,,,,,,,,,,ordinal,P-COMM,Mike 2026-08-20: 18 internal classifiers; discard
,,,,,,,,,,28,I6_3,6,3,Artifact Detector,Artifact,artifact_detector_i6s3,artifact_detector,,,,,,,,,,,,,,ordinal,P-COMM,Mike 2026-08-20: 18 internal classifiers; discard
,,,,,,,,,,29,I6_4,6,4,Artifact Detector,Artifact,artifact_detector_i6s4,artifact_detector,,,,,,,,,,,,,,ordinal,P-COMM,Mike 2026-08-20: 18 internal classifiers; discard
,,,,,,,,,,30,I6_5,6,5,Artifact Detector,Artifact,artifact_detector_i6s5,artifact_detector,,,,,,,,,,,,,,ordinal,P-COMM,Mike 2026-08-20: 18 internal classifiers; discard
,,,,,,,,,,31,I6_6,6,6,Artifact Detector,Artifact,artifact_detector_i6s6,artifact_detector,,,,,,,,,,,,,,ordinal,P-COMM,Mike 2026-08-20: 18 internal classifiers; discard
,,,,,,,,,,32,I6_7,6,7,Artifact Detector,Artifact,artifact_detector_i6s7,artifact_detector,,,,,,,,,,,,,,ordinal,P-COMM,Mike 2026-08-20: 18 internal classifiers; discard
,,,,,,,,,,33,I6_8,6,8,Artifact Detector,Artifact,artifact_detector_i6s8,artifact_detector,,,,,,,,,,,,,,ordinal,P-COMM,Mike 2026-08-20: 18 internal classifiers; discard
,,,,,,,,,,34,I6_9,6,9,Artifact Detector,Artifact,artifact_detector_i6s9,artifact_detector,,,,,,,,,,,,,,ordinal,P-COMM,Mike 2026-08-20: 18 internal classifiers; discard
,,,,,,,,,,35,I6_10,6,10,Artifact Detector,Artifact,artifact_detector_i6s10,artifact_detector,,,,,,,,,,,,,,ordinal,P-COMM,Mike 2026-08-20: 18 internal classifiers; discard
,,,,,,,,,,36,I6_11,6,11,Artifact Detector,Artifact,artifact_detector_i6s11,artifact_detector,,,,,,,,,,,,,,ordinal,P-COMM,Mike 2026-08-20: 18 internal classifiers; discard
,,,,,,,,,,37,I6_12,6,12,Artifact Detector,Artifact,artifact_detector_i6s12,artifact_detector,,,,,,,,,,,,,,ordinal,P-COMM,Mike 2026-08-20: 18 internal classifiers; discard
,,,,,,,,,,38,I6_13,6,13,Artifact Detector,Artifact,artifact_detector_i6s13,artifact_detector,,,,,,,,,,,,,,ordinal,P-COMM,Mike 2026-08-20: 18 internal classifiers; discard
,,,,,,,,,,39,I6_14,6,14,Artifact Detector,Artifact,artifact_detector_i6s14,artifact_detector,,,,,,,,,,,,,,ordinal,P-COMM,Mike 2026-08-20: 18 internal classifiers; discard
,,,,,,,,,,40,I6_15,6,15,Artifact Detector,Artifact,artifact_detector_i6s15,artifact_detector,,,,,,,,,,,,,,ordinal,P-COMM,Mike 2026-08-20: 18 internal classifiers; discard
,,,,,,,,,,41,I6_16,6,16,Artifact Detector,Artifact,artifact_detector_i6s16,artifact_detector,,,,,,,,,,,,,,ordinal,P-COMM,Mike 2026-08-20: 18 internal classifiers; discard
,,,,,,,,,,42,I6_17,6,17,Artifact Detector,Artifact,artifact_detector_i6s17,artifact_detector,,,,,,,,,,,,,,ordinal,P-COMM,Mike 2026-08-20: 18 internal classifiers; discard
,,,,,,,,,,43,I6_18,6,18,Artifact Detector,Artifact,artifact_detector_i6s18,artifact_detector,,,,,,,,,,,,,,ordinal,P-COMM,Mike 2026-08-20: 18 internal classifiers; discard
128.0,,,,,,,,,,44,I7_1,7,1,Artifact Intensity,ArtifactIntensity,artifact_intensity_emg,artifact_intensity,emg,muscle: µV (per Persyst 2026-08-20; help text says µV² — unconfirmed). V-Eye / L-Eye: probability 0.0–1.0,,,,,,,,Artifact01,1.2,1.0,1,ordinal,P-COMM,"Mike 2026-08-20: muscle uV, V-Eye/L-Eye prob 0-1"
128.0,,,,,,,,,,45,I7_2,7,2,Artifact Intensity,ArtifactIntensity,artifact_intensity_eye_vertical,artifact_intensity,eye_vertical,muscle: µV (per Persyst 2026-08-20; help text says µV² — unconfirmed). V-Eye / L-Eye: probability 0.0–1.0,,,,,,,,Artifact01,1.2,1.0,1,ordinal,P-COMM,"Mike 2026-08-20: muscle uV, V-Eye/L-Eye prob 0-1"
128.0,,,,,,,,,,46,I7_3,7,3,Artifact Intensity,ArtifactIntensity,artifact_intensity_eye_horizontal,artifact_intensity,eye_horizontal,muscle: µV (per Persyst 2026-08-20; help text says µV² — unconfirmed). V-Eye / L-Eye: probability 0.0–1.0,,,,,,,,Artifact01,1.2,1.0,1,ordinal,P-COMM,"Mike 2026-08-20: muscle uV, V-Eye/L-Eye prob 0-1"
64.0,0.5,2.0,4,128,3,,,,yes,47,I8_1,8,1,"Asymmetry, Absolute Index (EASI), 0 - 20 Hz, Asym Hemi","Asymmetry, Absolute Index (EASI) 0-20 Asym Hemi",asymmetry_easi_broadband_hemisphere,asymmetry,easi_broadband_hemisphere,"% (EASI 0–100 magnitude; REASI −100 to +100, + = right>left)",uV,,0.0,20.0,,,,FFTEngine01,4.0,8.0,8,ordinal,P-DOC,"Trend Types Asymmetry.md; EASI 0-100, REASI -100..+100"
64.0,0.5,2.0,4,128,3,,,,yes,48,I9_1,9,1,"Asymmetry, Relative Index (REASI), 0 - 20 Hz, Asym Hemi","Asymmetry, Relative Index (REASI) 0-20 Asym Hemi",asymmetry_reasi_broadband_hemisphere,asymmetry,reasi_broadband_hemisphere,"% (EASI 0–100 magnitude; REASI −100 to +100, + = right>left)",uV,,0.0,20.0,,,,FFTEngine01,4.0,8.0,8,ordinal,P-DOC,"Trend Types Asymmetry.md; EASI 0-100, REASI -100..+100"
64.0,0.5,2.0,4,128,3,,,,yes,49,I10_1,10,1,"Asymmetry, Relative Index (REASI), 0 - 5 Hz, Asym Hemi","Asymmetry, Relative Index (REASI) 0-5 Asym Hemi",asymmetry_reasi_delta_hemisphere,asymmetry,reasi_delta_hemisphere,"% (EASI 0–100 magnitude; REASI −100 to +100, + = right>left)",uV,,0.0,5.0,,,,FFTEngine01,4.0,8.0,8,ordinal,P-DOC,"Trend Types Asymmetry.md; EASI 0-100, REASI -100..+100"
64.0,0.5,2.0,4,128,3,,,,yes,50,I11_1,11,1,"Asymmetry, Relative Index (REASI), 0 - 5 Hz, Asym Parasagittal","Asymmetry, Relative Index (REASI) 0-5 Asym Parasagittal",asymmetry_reasi_delta_parasagittal,asymmetry,reasi_delta_parasagittal,"% (EASI 0–100 magnitude; REASI −100 to +100, + = right>left)",uV,,0.0,5.0,,,,FFTEngine01,4.0,8.0,8,ordinal,P-DOC,"Trend Types Asymmetry.md; EASI 0-100, REASI -100..+100"
64.0,0.5,2.0,4,128,3,,,,yes,51,I12_1,12,1,"Asymmetry, Relative Index (REASI), 0 - 5 Hz, Asym Posterior","Asymmetry, Relative Index (REASI) 0-5 Asym Posterior",asymmetry_reasi_delta_posterior,asymmetry,reasi_delta_posterior,"% (EASI 0–100 magnitude; REASI −100 to +100, + = right>left)",uV,,0.0,5.0,,posterior,,FFTEngine01,4.0,8.0,8,ordinal,P-DOC,"Trend Types Asymmetry.md; EASI 0-100, REASI -100..+100"
64.0,0.5,2.0,4,128,3,,,,yes,52,I13_1,13,1,"Asymmetry, Relative Index (REASI), 0 - 5 Hz, Asym Temporal","Asymmetry, Relative Index (REASI) 0-5 Asym Temporal",asymmetry_reasi_delta_temporal,asymmetry,reasi_delta_temporal,"% (EASI 0–100 magnitude; REASI −100 to +100, + = right>left)",uV,,0.0,5.0,,,,FFTEngine01,4.0,8.0,8,ordinal,P-DOC,"Trend Types Asymmetry.md; EASI 0-100, REASI -100..+100"
64.0,0.5,2.0,4,128,3,,,,yes,53,I14_1,14,1,"Asymmetry, Relative Index (REASI), 4 - 8 Hz, Asym Hemi","Asymmetry, Relative Index (REASI) 4-8 Asym Hemi",asymmetry_reasi_hemisphere,asymmetry,reasi_hemisphere,"% (EASI 0–100 magnitude; REASI −100 to +100, + = right>left)",uV,theta,4.0,8.0,,,,FFTEngine01,4.0,8.0,8,ordinal,P-DOC,"Trend Types Asymmetry.md; EASI 0-100, REASI -100..+100"
64.0,0.5,2.0,4,128,3,,,,yes,54,I15_1,15,1,"Asymmetry, Relative Index (REASI), 6 - 14 Hz, Asym Hemi","Asymmetry, Relative Index (REASI) 6-14 Asym Hemi",asymmetry_reasi_alpha_hemisphere,asymmetry,reasi_alpha_hemisphere,"% (EASI 0–100 magnitude; REASI −100 to +100, + = right>left)",uV,,6.0,14.0,,,,FFTEngine01,4.0,8.0,8,ordinal,P-DOC,"Trend Types Asymmetry.md; EASI 0-100, REASI -100..+100"
64.0,0.5,2.0,4,128,3,,,,yes,55,I16_1,16,1,"Asymmetry, Relative Index (REASI), 6 - 14 Hz, Asym Parasagittal","Asymmetry, Relative Index (REASI) 6-14 Asym Parasagittal",asymmetry_reasi_alpha_parasagittal,asymmetry,reasi_alpha_parasagittal,"% (EASI 0–100 magnitude; REASI −100 to +100, + = right>left)",uV,,6.0,14.0,,,,FFTEngine01,4.0,8.0,8,ordinal,P-DOC,"Trend Types Asymmetry.md; EASI 0-100, REASI -100..+100"
64.0,0.5,2.0,4,128,3,,,,yes,56,I17_1,17,1,"Asymmetry, Relative Index (REASI), 6 - 14 Hz, Asym Posterior","Asymmetry, Relative Index (REASI) 6-14 Asym Posterior",asymmetry_reasi_alpha_posterior,asymmetry,reasi_alpha_posterior,"% (EASI 0–100 magnitude; REASI −100 to +100, + = right>left)",uV,,6.0,14.0,,posterior,,FFTEngine01,4.0,8.0,8,ordinal,P-DOC,"Trend Types Asymmetry.md; EASI 0-100, REASI -100..+100"
64.0,0.5,2.0,4,128,3,,,,yes,57,I18_1,18,1,"Asymmetry, Relative Index (REASI), 6 - 14 Hz, Asym Temporal","Asymmetry, Relative Index (REASI) 6-14 Asym Temporal",asymmetry_reasi_alpha_temporal,asymmetry,reasi_alpha_temporal,"% (EASI 0–100 magnitude; REASI −100 to +100, + = right>left)",uV,,6.0,14.0,,,,FFTEngine01,4.0,8.0,8,ordinal,P-DOC,"Trend Types Asymmetry.md; EASI 0-100, REASI -100..+100"
128.0,,,,,,,,,,58,I19_1,19,1,Boolean LAD+,[>= 1.1 <0> [SumValues_Abs_0-0 [Rhythmicity Spectrogram 3.00 Left Anterior_avg]]] AND [>= 5 <0> [SumValues_Abs_2-2 [Rhythmicity Spectrogram 3.00 Left Anterior_avg]]],rhythmic_delta_left_anterior,rhythmic_delta,left_anterior,boolean (0/1),,,,,left,anterior,,RhythmicityEngine01,3.0,2.0,2,ordinal,EMP,MMX boolean logic: threshold on Rhythmicity delta band; NOT periodic discharges
128.0,,,,,,,,,,59,I20_1,20,1,Boolean LPD+,[>= 1.1 <0> [SumValues_Abs_0-0 [Rhythmicity Spectrogram 3.00 Left Posterior_avg]]] AND [>= 5 <0> [SumValues_Abs_2-2 [Rhythmicity Spectrogram 3.00 Left Posterior_avg]]],rhythmic_delta_left_posterior,rhythmic_delta,left_posterior,boolean (0/1),,,,,left,posterior,,RhythmicityEngine01,3.0,2.0,2,ordinal,EMP,MMX boolean logic: threshold on Rhythmicity delta band; NOT periodic discharges
128.0,,,,,,,,,,60,I21_1,21,1,Boolean LRD+,[[>= 1.1 <0> [SumValues_Abs_0-0 [Rhythmicity Spectrogram 3.00 Left Anterior_avg]]] AND [>= 5 <0> [SumValues_Abs_2-2 [Rhythmicity Spectrogram 3.00 Left Anterior_avg]]]] OR [[>= 1.1 <0> [SumValues_Abs_0-0 [Rhythmicity Spectrogram 3.00 Left Posterior_avg]]] AND [>= 5 <0> [SumValues_Abs_2-2 [Rhythmicity Spectrogram 3.00 Left Posterior_avg]]]],rhythmic_delta_left_hemisphere,rhythmic_delta,left_hemisphere,boolean (0/1),,,,,left,anterior,,RhythmicityEngine01,3.0,2.0,2,ordinal,EMP,MMX boolean logic: threshold on Rhythmicity delta band; NOT periodic discharges
128.0,,,,,,,,,,61,I22_1,22,1,Boolean RAD+,[>= 1.1 <0> [SumValues_Abs_0-0 [Rhythmicity Spectrogram 3.00 Right Anterior_avg]]] AND [>= 5 <0> [SumValues_Abs_2-2 [Rhythmicity Spectrogram 3.00 Right Anterior_avg]]],rhythmic_delta_right_anterior,rhythmic_delta,right_anterior,boolean (0/1),,,,,right,anterior,,RhythmicityEngine01,3.0,2.0,2,ordinal,EMP,MMX boolean logic: threshold on Rhythmicity delta band; NOT periodic discharges
128.0,,,,,,,,,,62,I23_1,23,1,Boolean RPD+,[>= 1.1 <0> [SumValues_Abs_0-0 [Rhythmicity Spectrogram 3.00 Right Posterior_avg]]] AND [>= 5 <0> [SumValues_Abs_2-2 [Rhythmicity Spectrogram 3.00 Right Posterior_avg]]],rhythmic_delta_right_posterior,rhythmic_delta,right_posterior,boolean (0/1),,,,,right,posterior,,RhythmicityEngine01,3.0,2.0,2,ordinal,EMP,MMX boolean logic: threshold on Rhythmicity delta band; NOT periodic discharges
128.0,,,,,,,,,,63,I24_1,24,1,Boolean RRD+,[[>= 1.1 <0> [SumValues_Abs_0-0 [Rhythmicity Spectrogram 3.00 Right Anterior_avg]]] AND [>= 5 <0> [SumValues_Abs_2-2 [Rhythmicity Spectrogram 3.00 Right Anterior_avg]]]] OR [[>= 1.1 <0> [SumValues_Abs_0-0 [Rhythmicity Spectrogram 3.00 Right Posterior_avg]]] AND [>= 5 <0> [SumValues_Abs_2-2 [Rhythmicity Spectrogram 3.00 Right Posterior_avg]]]],rhythmic_delta_right_hemisphere,rhythmic_delta,right_hemisphere,boolean (0/1),,,,,right,anterior,,RhythmicityEngine01,3.0,2.0,2,ordinal,EMP,MMX boolean logic: threshold on Rhythmicity delta band; NOT periodic discharges
,,,,,,,,,yes,64,I25_1,25,1,"Coherence_Avg 0-32 C3-P3*C4-P4, 0 - 32 Hz, C3-P3*C4-P4",Coherence_Avg 0-32 C3-P3*C4-P4,coherence_avg_c3p3_0_32hz,coherence_spectrogram,,coherence (0–1),uV^2,,0.0,32.0,,,C3P3,,,,,ordinal,MMX,Coherence appears in help only as a stored value
,,,,,,,,,yes,65,I26_1,26,1,"Coherence_Avg 0-32 F3-C3*F4-C4, 0 - 32 Hz, F3-C3*F4-C4",Coherence_Avg 0-32 F3-C3*F4-C4,coherence_avg_f3c3_0_32hz,coherence_spectrogram,,coherence (0–1),uV^2,,0.0,32.0,,,F3C3,,,,,ordinal,MMX,Coherence appears in help only as a stored value
,,,,,,,,,yes,66,I27_1,27,1,"Coherence_Avg 0-32 P3-O1*P4-O2, 0 - 32 Hz, P3-O1*P4-O2",Coherence_Avg 0-32 P3-O1*P4-O2,coherence_avg_p3o1_0_32hz,coherence_spectrogram,,coherence (0–1),uV^2,,0.0,32.0,,,P3O1,,,,,ordinal,MMX,Coherence appears in help only as a stored value
,,,,,,,,,yes,67,I28_1,28,1,"Coherence_Avg 0-32 T7-P7*T8-P8, 0 - 32 Hz, T7-P7*T8-P8",Coherence_Avg 0-32 T7-P7*T8-P8,coherence_avg_t7p7_0_32hz,coherence_spectrogram,,coherence (0–1),,,0.0,32.0,,,T7P7,,,,,ordinal,MMX,Coherence appears in help only as a stored value
,,,,,,,,,yes,68,I29_1,29,1,"Coherence_Avg 0-32 P7-O1*P8-O2, 0 - 32 Hz, P7-O1*P8-O2",Coherence_Avg 0-32 P7-O1*P8-O2,coherence_avg_p7o1_0_32hz,coherence_spectrogram,,coherence (0–1),,,0.0,32.0,,,P7O1,,,,,ordinal,MMX,Coherence appears in help only as a stored value
128.0,,,,,,,,,,69,I30_1,30,1,Electrode Signal Quality,ElectrodeSignalQuality,esq_ch01,electrode_quality,Fp1,"dimensionless, 0=clean → 1.0; >1.0 = above impedance disconnect threshold. Clamped at the MMX display Maximum (1.2 in this template)",,,,,,,,Artifact01,1.2,1.0,1,ordinal,P-COMM,Mike 2026-08-20: 22 physical electrodes; >1.0 = disconnect
128.0,,,,,,,,,,70,I30_2,30,2,Electrode Signal Quality,ElectrodeSignalQuality,esq_ch02,electrode_quality,Fp2,"dimensionless, 0=clean → 1.0; >1.0 = above impedance disconnect threshold. Clamped at the MMX display Maximum (1.2 in this template)",,,,,,,,Artifact01,1.2,1.0,1,ordinal,P-COMM,Mike 2026-08-20: 22 physical electrodes; >1.0 = disconnect
128.0,,,,,,,,,,71,I30_3,30,3,Electrode Signal Quality,ElectrodeSignalQuality,esq_ch03,electrode_quality,F7,"dimensionless, 0=clean → 1.0; >1.0 = above impedance disconnect threshold. Clamped at the MMX display Maximum (1.2 in this template)",,,,,,,,Artifact01,1.2,1.0,1,ordinal,P-COMM,Mike 2026-08-20: 22 physical electrodes; >1.0 = disconnect
128.0,,,,,,,,,,72,I30_4,30,4,Electrode Signal Quality,ElectrodeSignalQuality,esq_ch04,electrode_quality,F3,"dimensionless, 0=clean → 1.0; >1.0 = above impedance disconnect threshold. Clamped at the MMX display Maximum (1.2 in this template)",,,,,,,,Artifact01,1.2,1.0,1,ordinal,P-COMM,Mike 2026-08-20: 22 physical electrodes; >1.0 = disconnect
128.0,,,,,,,,,,73,I30_5,30,5,Electrode Signal Quality,ElectrodeSignalQuality,esq_ch05,electrode_quality,Fz,"dimensionless, 0=clean → 1.0; >1.0 = above impedance disconnect threshold. Clamped at the MMX display Maximum (1.2 in this template)",,,,,,,,Artifact01,1.2,1.0,1,ordinal,P-COMM,Mike 2026-08-20: 22 physical electrodes; >1.0 = disconnect
128.0,,,,,,,,,,74,I30_6,30,6,Electrode Signal Quality,ElectrodeSignalQuality,esq_ch06,electrode_quality,F4,"dimensionless, 0=clean → 1.0; >1.0 = above impedance disconnect threshold. Clamped at the MMX display Maximum (1.2 in this template)",,,,,,,,Artifact01,1.2,1.0,1,ordinal,P-COMM,Mike 2026-08-20: 22 physical electrodes; >1.0 = disconnect
128.0,,,,,,,,,,75,I30_7,30,7,Electrode Signal Quality,ElectrodeSignalQuality,esq_ch07,electrode_quality,F8,"dimensionless, 0=clean → 1.0; >1.0 = above impedance disconnect threshold. Clamped at the MMX display Maximum (1.2 in this template)",,,,,,,,Artifact01,1.2,1.0,1,ordinal,P-COMM,Mike 2026-08-20: 22 physical electrodes; >1.0 = disconnect
128.0,,,,,,,,,,76,I30_8,30,8,Electrode Signal Quality,ElectrodeSignalQuality,esq_ch08,electrode_quality,T3,"dimensionless, 0=clean → 1.0; >1.0 = above impedance disconnect threshold. Clamped at the MMX display Maximum (1.2 in this template)",,,,,,,,Artifact01,1.2,1.0,1,ordinal,P-COMM,Mike 2026-08-20: 22 physical electrodes; >1.0 = disconnect
128.0,,,,,,,,,,77,I30_9,30,9,Electrode Signal Quality,ElectrodeSignalQuality,esq_ch09,electrode_quality,C3,"dimensionless, 0=clean → 1.0; >1.0 = above impedance disconnect threshold. Clamped at the MMX display Maximum (1.2 in this template)",,,,,,,,Artifact01,1.2,1.0,1,ordinal,P-COMM,Mike 2026-08-20: 22 physical electrodes; >1.0 = disconnect
128.0,,,,,,,,,,78,I30_10,30,10,Electrode Signal Quality,ElectrodeSignalQuality,esq_ch10,electrode_quality,Cz,"dimensionless, 0=clean → 1.0; >1.0 = above impedance disconnect threshold. Clamped at the MMX display Maximum (1.2 in this template)",,,,,,,,Artifact01,1.2,1.0,1,ordinal,P-COMM,Mike 2026-08-20: 22 physical electrodes; >1.0 = disconnect
128.0,,,,,,,,,,79,I30_11,30,11,Electrode Signal Quality,ElectrodeSignalQuality,esq_ch11,electrode_quality,C4,"dimensionless, 0=clean → 1.0; >1.0 = above impedance disconnect threshold. Clamped at the MMX display Maximum (1.2 in this template)",,,,,,,,Artifact01,1.2,1.0,1,ordinal,P-COMM,Mike 2026-08-20: 22 physical electrodes; >1.0 = disconnect
128.0,,,,,,,,,,80,I30_12,30,12,Electrode Signal Quality,ElectrodeSignalQuality,esq_ch12,electrode_quality,T4,"dimensionless, 0=clean → 1.0; >1.0 = above impedance disconnect threshold. Clamped at the MMX display Maximum (1.2 in this template)",,,,,,,,Artifact01,1.2,1.0,1,ordinal,P-COMM,Mike 2026-08-20: 22 physical electrodes; >1.0 = disconnect
128.0,,,,,,,,,,81,I30_13,30,13,Electrode Signal Quality,ElectrodeSignalQuality,esq_ch13,electrode_quality,T5,"dimensionless, 0=clean → 1.0; >1.0 = above impedance disconnect threshold. Clamped at the MMX display Maximum (1.2 in this template)",,,,,,,,Artifact01,1.2,1.0,1,ordinal,P-COMM,Mike 2026-08-20: 22 physical electrodes; >1.0 = disconnect
128.0,,,,,,,,,,82,I30_14,30,14,Electrode Signal Quality,ElectrodeSignalQuality,esq_ch14,electrode_quality,P3,"dimensionless, 0=clean → 1.0; >1.0 = above impedance disconnect threshold. Clamped at the MMX display Maximum (1.2 in this template)",,,,,,,,Artifact01,1.2,1.0,1,ordinal,P-COMM,Mike 2026-08-20: 22 physical electrodes; >1.0 = disconnect
128.0,,,,,,,,,,83,I30_15,30,15,Electrode Signal Quality,ElectrodeSignalQuality,esq_ch15,electrode_quality,Pz,"dimensionless, 0=clean → 1.0; >1.0 = above impedance disconnect threshold. Clamped at the MMX display Maximum (1.2 in this template)",,,,,,,,Artifact01,1.2,1.0,1,ordinal,P-COMM,Mike 2026-08-20: 22 physical electrodes; >1.0 = disconnect
128.0,,,,,,,,,,84,I30_16,30,16,Electrode Signal Quality,ElectrodeSignalQuality,esq_ch16,electrode_quality,P4,"dimensionless, 0=clean → 1.0; >1.0 = above impedance disconnect threshold. Clamped at the MMX display Maximum (1.2 in this template)",,,,,,,,Artifact01,1.2,1.0,1,ordinal,P-COMM,Mike 2026-08-20: 22 physical electrodes; >1.0 = disconnect
128.0,,,,,,,,,,85,I30_17,30,17,Electrode Signal Quality,ElectrodeSignalQuality,esq_ch17,electrode_quality,T6,"dimensionless, 0=clean → 1.0; >1.0 = above impedance disconnect threshold. Clamped at the MMX display Maximum (1.2 in this template)",,,,,,,,Artifact01,1.2,1.0,1,ordinal,P-COMM,Mike 2026-08-20: 22 physical electrodes; >1.0 = disconnect
128.0,,,,,,,,,,86,I30_18,30,18,Electrode Signal Quality,ElectrodeSignalQuality,esq_ch18,electrode_quality,O1,"dimensionless, 0=clean → 1.0; >1.0 = above impedance disconnect threshold. Clamped at the MMX display Maximum (1.2 in this template)",,,,,,,,Artifact01,1.2,1.0,1,ordinal,P-COMM,Mike 2026-08-20: 22 physical electrodes; >1.0 = disconnect
128.0,,,,,,,,,,87,I30_19,30,19,Electrode Signal Quality,ElectrodeSignalQuality,esq_ch19,electrode_quality,O2,"dimensionless, 0=clean → 1.0; >1.0 = above impedance disconnect threshold. Clamped at the MMX display Maximum (1.2 in this template)",,,,,,,,Artifact01,1.2,1.0,1,ordinal,P-COMM,Mike 2026-08-20: 22 physical electrodes; >1.0 = disconnect
128.0,,,,,,,,,,88,I30_20,30,20,Electrode Signal Quality,ElectrodeSignalQuality,esq_ch20,electrode_quality,A1,"dimensionless, 0=clean → 1.0; >1.0 = above impedance disconnect threshold. Clamped at the MMX display Maximum (1.2 in this template)",,,,,,,,Artifact01,1.2,1.0,1,ordinal,P-COMM,Mike 2026-08-20: 22 physical electrodes; >1.0 = disconnect
128.0,,,,,,,,,,89,I30_21,30,21,Electrode Signal Quality,ElectrodeSignalQuality,esq_ch21,electrode_quality,A2,"dimensionless, 0=clean → 1.0; >1.0 = above impedance disconnect threshold. Clamped at the MMX display Maximum (1.2 in this template)",,,,,,,,Artifact01,1.2,1.0,1,ordinal,P-COMM,Mike 2026-08-20: 22 physical electrodes; >1.0 = disconnect
128.0,,,,,,,,,,90,I30_22,30,22,Electrode Signal Quality,ElectrodeSignalQuality,esq_ch22,electrode_quality,EKG,"dimensionless, 0=clean → 1.0; >1.0 = above impedance disconnect threshold. Clamped at the MMX display Maximum (1.2 in this template)",,,,,,,,Artifact01,1.2,1.0,1,ordinal,P-COMM,Mike 2026-08-20: 22 physical electrodes; >1.0 = disconnect
64.0,0.5,2.0,4,128,3,,,,yes,91,I31_1,31,1,"FFT Power, 1 - 20 Hz, All 10-20",FFT_Power 1-20 All 10-20_avg,fft_power_all,fft_power,,µV (amplitude; MMX PowerType=1 — NOT µV² power),uV,,1.0,20.0,,,,FFTEngine01,4.0,8.0,8,ordinal,P-DOC,Trend Types Frequency.md; PowerType=1 uV
64.0,0.5,2.0,4,128,3,,,,yes,92,I32_1,32,1,"FFT Power, 1 - 20 Hz, Left Anterior",FFT_Power 1-20 Left Anterior_avg,fft_power_left_anterior,fft_power,left_anterior,µV (amplitude; MMX PowerType=1 — NOT µV² power),uV,,1.0,20.0,left,anterior,,FFTEngine01,4.0,8.0,8,ordinal,P-DOC,Trend Types Frequency.md; PowerType=1 uV
64.0,0.5,2.0,4,128,3,,,,yes,93,I33_1,33,1,"FFT Power, 1 - 20 Hz, Left Hemisphere",FFT_Power 1-20 Left Hemisphere_avg,fft_power_left_hemisphere,fft_power,left_hemisphere,µV (amplitude; MMX PowerType=1 — NOT µV² power),uV,,1.0,20.0,left,hemisphere,,FFTEngine01,4.0,8.0,8,ordinal,P-DOC,Trend Types Frequency.md; PowerType=1 uV
64.0,0.5,2.0,4,128,3,,,,yes,94,I34_1,34,1,"FFT Power, 1 - 20 Hz, Left Posterior",FFT_Power 1-20 Left Posterior_avg,fft_power_left_posterior,fft_power,left_posterior,µV (amplitude; MMX PowerType=1 — NOT µV² power),uV,,1.0,20.0,left,posterior,,FFTEngine01,4.0,8.0,8,ordinal,P-DOC,Trend Types Frequency.md; PowerType=1 uV
64.0,0.5,2.0,4,128,3,,,,yes,95,I35_1,35,1,"FFT Power, 1 - 20 Hz, Right Anterior",FFT_Power 1-20 Right Anterior_avg,fft_power_right_anterior,fft_power,right_anterior,µV (amplitude; MMX PowerType=1 — NOT µV² power),uV,,1.0,20.0,right,anterior,,FFTEngine01,4.0,8.0,8,ordinal,P-DOC,Trend Types Frequency.md; PowerType=1 uV
64.0,0.5,2.0,4,128,3,,,,yes,96,I36_1,36,1,"FFT Power, 1 - 20 Hz, Right Hemisphere",FFT_Power 1-20 Right Hemisphere_avg,fft_power_right_hemisphere,fft_power,right_hemisphere,µV (amplitude; MMX PowerType=1 — NOT µV² power),uV,,1.0,20.0,right,hemisphere,,FFTEngine01,4.0,8.0,8,ordinal,P-DOC,Trend Types Frequency.md; PowerType=1 uV
64.0,0.5,2.0,4,128,3,,,,yes,97,I37_1,37,1,"FFT Power, 1 - 20 Hz, Right Posterior",FFT_Power 1-20 Right Posterior_avg,fft_power_right_posterior,fft_power,right_posterior,µV (amplitude; MMX PowerType=1 — NOT µV² power),uV,,1.0,20.0,right,posterior,,FFTEngine01,4.0,8.0,8,ordinal,P-DOC,Trend Types Frequency.md; PowerType=1 uV
64.0,0.5,2.0,4,128,3,,,,yes,98,I38_1,38,1,"FFT Power, 1 - 20 Hz, Anterior",FFT_Power 1-20 Anterior_avg,fft_power_anterior,fft_power,,µV (amplitude; MMX PowerType=1 — NOT µV² power),uV,,1.0,20.0,,anterior,,FFTEngine01,4.0,8.0,8,ordinal,P-DOC,Trend Types Frequency.md; PowerType=1 uV
64.0,0.5,2.0,4,128,3,,,,yes,99,I39_1,39,1,"FFT Power, 1 - 20 Hz, Posterior",FFT_Power 1-20 Posterior_avg,fft_power_posterior,fft_power,,µV (amplitude; MMX PowerType=1 — NOT µV² power),uV,,1.0,20.0,,posterior,,FFTEngine01,4.0,8.0,8,ordinal,P-DOC,Trend Types Frequency.md; PowerType=1 uV
64.0,0.5,2.0,4,128,3,,,,yes,100,I40_1,40,1,"FFT Power, 1 - 4 Hz, All 10-20",FFT_Power 1-4 All 10-20_avg,fft_delta_all,fft_power,,µV (amplitude; MMX PowerType=1 — NOT µV² power),uV,delta,1.0,4.0,,,,FFTEngine01,4.0,8.0,8,ordinal,P-DOC,Trend Types Frequency.md; PowerType=1 uV
64.0,0.5,2.0,4,128,3,,,,yes,101,I41_1,41,1,"FFT Power, 1 - 4 Hz, Left Anterior",FFT_Power 1-4 Left Anterior_avg,fft_delta_left_anterior,fft_power,left_anterior,µV (amplitude; MMX PowerType=1 — NOT µV² power),uV,delta,1.0,4.0,left,anterior,,FFTEngine01,4.0,8.0,8,ordinal,P-DOC,Trend Types Frequency.md; PowerType=1 uV
64.0,0.5,2.0,4,128,3,,,,yes,102,I42_1,42,1,"FFT Power, 1 - 4 Hz, Left Hemisphere",FFT_Power 1-4 Left Hemisphere_avg,fft_delta_left_hemisphere,fft_power,left_hemisphere,µV (amplitude; MMX PowerType=1 — NOT µV² power),uV,delta,1.0,4.0,left,hemisphere,,FFTEngine01,4.0,8.0,8,ordinal,P-DOC,Trend Types Frequency.md; PowerType=1 uV
64.0,0.5,2.0,4,128,3,,,,yes,103,I43_1,43,1,"FFT Power, 1 - 4 Hz, Left Posterior",FFT_Power 1-4 Left Posterior_avg,fft_delta_left_posterior,fft_power,left_posterior,µV (amplitude; MMX PowerType=1 — NOT µV² power),uV,delta,1.0,4.0,left,posterior,,FFTEngine01,4.0,8.0,8,ordinal,P-DOC,Trend Types Frequency.md; PowerType=1 uV
64.0,0.5,2.0,4,128,3,,,,yes,104,I44_1,44,1,"FFT Power, 1 - 4 Hz, Right Anterior",FFT_Power 1-4 Right Anterior_avg,fft_delta_right_anterior,fft_power,right_anterior,µV (amplitude; MMX PowerType=1 — NOT µV² power),uV,delta,1.0,4.0,right,anterior,,FFTEngine01,4.0,8.0,8,ordinal,P-DOC,Trend Types Frequency.md; PowerType=1 uV
64.0,0.5,2.0,4,128,3,,,,yes,105,I45_1,45,1,"FFT Power, 1 - 4 Hz, Right Hemisphere",FFT_Power 1-4 Right Hemisphere_avg,fft_delta_right_hemisphere,fft_power,right_hemisphere,µV (amplitude; MMX PowerType=1 — NOT µV² power),uV,delta,1.0,4.0,right,hemisphere,,FFTEngine01,4.0,8.0,8,ordinal,P-DOC,Trend Types Frequency.md; PowerType=1 uV
64.0,0.5,2.0,4,128,3,,,,yes,106,I46_1,46,1,"FFT Power, 1 - 4 Hz, Right Posterior",FFT_Power 1-4 Right Posterior_avg,fft_delta_right_posterior,fft_power,right_posterior,µV (amplitude; MMX PowerType=1 — NOT µV² power),uV,delta,1.0,4.0,right,posterior,,FFTEngine01,4.0,8.0,8,ordinal,P-DOC,Trend Types Frequency.md; PowerType=1 uV
64.0,0.5,2.0,4,128,3,,,,yes,107,I47_1,47,1,"FFT Power, 1 - 4 Hz, Anterior",FFT_Power 1-4 Anterior_avg,fft_delta_anterior,fft_power,,µV (amplitude; MMX PowerType=1 — NOT µV² power),uV,delta,1.0,4.0,,anterior,,FFTEngine01,4.0,8.0,8,ordinal,P-DOC,Trend Types Frequency.md; PowerType=1 uV
64.0,0.5,2.0,4,128,3,,,,yes,108,I48_1,48,1,"FFT Power, 1 - 4 Hz, Posterior",FFT_Power 1-4 Posterior_avg,fft_delta_posterior,fft_power,,µV (amplitude; MMX PowerType=1 — NOT µV² power),uV,delta,1.0,4.0,,posterior,,FFTEngine01,4.0,8.0,8,ordinal,P-DOC,Trend Types Frequency.md; PowerType=1 uV
64.0,0.5,2.0,4,128,3,,,,yes,109,I49_1,49,1,"FFT Power, 13 - 20 Hz, All 10-20",FFT_Power 13-20 All 10-20_avg,fft_beta_all,fft_power,,µV (amplitude; MMX PowerType=1 — NOT µV² power),uV,beta,13.0,20.0,,,,FFTEngine01,4.0,8.0,8,ordinal,P-DOC,Trend Types Frequency.md; PowerType=1 uV
64.0,0.5,2.0,4,128,3,,,,yes,110,I50_1,50,1,"FFT Power, 13 - 20 Hz, Left Anterior",FFT_Power 13-20 Left Anterior_avg,fft_beta_left_anterior,fft_power,left_anterior,µV (amplitude; MMX PowerType=1 — NOT µV² power),uV,beta,13.0,20.0,left,anterior,,FFTEngine01,4.0,8.0,8,ordinal,P-DOC,Trend Types Frequency.md; PowerType=1 uV
64.0,0.5,2.0,4,128,3,,,,yes,111,I51_1,51,1,"FFT Power, 13 - 20 Hz, Left Hemisphere",FFT_Power 13-20 Left Hemisphere_avg,fft_beta_left_hemisphere,fft_power,left_hemisphere,µV (amplitude; MMX PowerType=1 — NOT µV² power),uV,beta,13.0,20.0,left,hemisphere,,FFTEngine01,4.0,8.0,8,ordinal,P-DOC,Trend Types Frequency.md; PowerType=1 uV
64.0,0.5,2.0,4,128,3,,,,yes,112,I52_1,52,1,"FFT Power, 13 - 20 Hz, Left Posterior",FFT_Power 13-20 Left Posterior_avg,fft_beta_left_posterior,fft_power,left_posterior,µV (amplitude; MMX PowerType=1 — NOT µV² power),uV,beta,13.0,20.0,left,posterior,,FFTEngine01,4.0,8.0,8,ordinal,P-DOC,Trend Types Frequency.md; PowerType=1 uV
64.0,0.5,2.0,4,128,3,,,,yes,113,I53_1,53,1,"FFT Power, 13 - 20 Hz, Right Anterior",FFT_Power 13-20 Right Anterior_avg,fft_beta_right_anterior,fft_power,right_anterior,µV (amplitude; MMX PowerType=1 — NOT µV² power),uV,beta,13.0,20.0,right,anterior,,FFTEngine01,4.0,8.0,8,ordinal,P-DOC,Trend Types Frequency.md; PowerType=1 uV
64.0,0.5,2.0,4,128,3,,,,yes,114,I54_1,54,1,"FFT Power, 13 - 20 Hz, Right Hemisphere",FFT_Power 13-20 Right Hemisphere_avg,fft_beta_right_hemisphere,fft_power,right_hemisphere,µV (amplitude; MMX PowerType=1 — NOT µV² power),uV,beta,13.0,20.0,right,hemisphere,,FFTEngine01,4.0,8.0,8,ordinal,P-DOC,Trend Types Frequency.md; PowerType=1 uV
64.0,0.5,2.0,4,128,3,,,,yes,115,I55_1,55,1,"FFT Power, 13 - 20 Hz, Right Posterior",FFT_Power 13-20 Right Posterior_avg,fft_beta_right_posterior,fft_power,right_posterior,µV (amplitude; MMX PowerType=1 — NOT µV² power),uV,beta,13.0,20.0,right,posterior,,FFTEngine01,4.0,8.0,8,ordinal,P-DOC,Trend Types Frequency.md; PowerType=1 uV
64.0,0.5,2.0,4,128,3,,,,yes,116,I56_1,56,1,"FFT Power, 13 - 30 Hz, All 10-20",FFT_Power 13-30 All 10-20_avg,fft_beta_wide_all,fft_power,,µV (amplitude; MMX PowerType=1 — NOT µV² power),uV,beta_wide,13.0,30.0,,,,FFTEngine01,4.0,8.0,8,ordinal,P-DOC,Trend Types Frequency.md; PowerType=1 uV
64.0,0.5,2.0,4,128,3,,,,yes,117,I57_1,57,1,"FFT Power, 13 - 20 Hz, Anterior",FFT_Power 13-20 Anterior_avg,fft_beta_anterior,fft_power,,µV (amplitude; MMX PowerType=1 — NOT µV² power),uV,beta,13.0,20.0,,anterior,,FFTEngine01,4.0,8.0,8,ordinal,P-DOC,Trend Types Frequency.md; PowerType=1 uV
64.0,0.5,2.0,4,128,3,,,,yes,118,I58_1,58,1,"FFT Power, 13 - 20 Hz, Posterior",FFT_Power 13-20 Posterior_avg,fft_beta_posterior,fft_power,,µV (amplitude; MMX PowerType=1 — NOT µV² power),uV,beta,13.0,20.0,,posterior,,FFTEngine01,4.0,8.0,8,ordinal,P-DOC,Trend Types Frequency.md; PowerType=1 uV
64.0,0.5,2.0,4,128,3,,,,yes,119,I59_1,59,1,"FFT Power, 13 - 30 Hz, Anterior",FFT_Power 13-30 Anterior_avg,fft_beta_wide_anterior,fft_power,,µV (amplitude; MMX PowerType=1 — NOT µV² power),uV,beta_wide,13.0,30.0,,anterior,,FFTEngine01,4.0,8.0,8,ordinal,P-DOC,Trend Types Frequency.md; PowerType=1 uV
64.0,0.5,2.0,4,128,3,,,,yes,120,I60_1,60,1,"FFT Power, 13 - 30 Hz, Left Anterior",FFT_Power 13-30 Left Anterior_avg,fft_beta_wide_left_anterior,fft_power,left_anterior,µV (amplitude; MMX PowerType=1 — NOT µV² power),uV,beta_wide,13.0,30.0,left,anterior,,FFTEngine01,4.0,8.0,8,ordinal,P-DOC,Trend Types Frequency.md; PowerType=1 uV
64.0,0.5,2.0,4,128,3,,,,yes,121,I61_1,61,1,"FFT Power, 13 - 30 Hz, Left Posterior",FFT_Power 13-30 Left Posterior_avg,fft_beta_wide_left_posterior,fft_power,left_posterior,µV (amplitude; MMX PowerType=1 — NOT µV² power),uV,beta_wide,13.0,30.0,left,posterior,,FFTEngine01,4.0,8.0,8,ordinal,P-DOC,Trend Types Frequency.md; PowerType=1 uV
64.0,0.5,2.0,4,128,3,,,,yes,122,I62_1,62,1,"FFT Power, 13 - 30 Hz, Posterior",FFT_Power 13-30 Posterior_avg,fft_beta_wide_posterior,fft_power,,µV (amplitude; MMX PowerType=1 — NOT µV² power),uV,beta_wide,13.0,30.0,,posterior,,FFTEngine01,4.0,8.0,8,ordinal,P-DOC,Trend Types Frequency.md; PowerType=1 uV
64.0,0.5,2.0,4,128,3,,,,yes,123,I63_1,63,1,"FFT Power, 13 - 30 Hz, Right Anterior",FFT_Power 13-30 Right Anterior_avg,fft_beta_wide_right_anterior,fft_power,right_anterior,µV (amplitude; MMX PowerType=1 — NOT µV² power),uV,beta_wide,13.0,30.0,right,anterior,,FFTEngine01,4.0,8.0,8,ordinal,P-DOC,Trend Types Frequency.md; PowerType=1 uV
64.0,0.5,2.0,4,128,3,,,,yes,124,I64_1,64,1,"FFT Power, 13 - 30 Hz, Right Posterior",FFT_Power 13-30 Right Posterior_avg,fft_beta_wide_right_posterior,fft_power,right_posterior,µV (amplitude; MMX PowerType=1 — NOT µV² power),uV,beta_wide,13.0,30.0,right,posterior,,FFTEngine01,4.0,8.0,8,ordinal,P-DOC,Trend Types Frequency.md; PowerType=1 uV
64.0,0.5,2.0,4,128,3,,,,yes,125,I65_1,65,1,"FFT Power, 13 - 30 Hz, Left Hemisphere",FFT_Power 13-30 Left Hemisphere_avg,fft_beta_wide_left_hemisphere,fft_power,left_hemisphere,µV (amplitude; MMX PowerType=1 — NOT µV² power),uV,beta_wide,13.0,30.0,left,hemisphere,,FFTEngine01,4.0,8.0,8,ordinal,P-DOC,Trend Types Frequency.md; PowerType=1 uV
64.0,0.5,2.0,4,128,3,,,,yes,126,I66_1,66,1,"FFT Power, 13 - 30 Hz, Right Hemisphere",FFT_Power 13-30 Right Hemisphere_avg,fft_beta_wide_right_hemisphere,fft_power,right_hemisphere,µV (amplitude; MMX PowerType=1 — NOT µV² power),uV,beta_wide,13.0,30.0,right,hemisphere,,FFTEngine01,4.0,8.0,8,ordinal,P-DOC,Trend Types Frequency.md; PowerType=1 uV
64.0,0.5,2.0,4,128,3,,,,yes,127,I67_1,67,1,"FFT Power, 4 - 8 Hz, All 10-20",FFT_Power 4-8 All 10-20_avg,fft_theta_all,fft_power,,µV (amplitude; MMX PowerType=1 — NOT µV² power),uV,theta,4.0,8.0,,,,FFTEngine01,4.0,8.0,8,ordinal,P-DOC,Trend Types Frequency.md; PowerType=1 uV
64.0,0.5,2.0,4,128,3,,,,yes,128,I68_1,68,1,"FFT Power, 4 - 8 Hz, Left Anterior",FFT_Power 4-8 Left Anterior_avg,fft_theta_left_anterior,fft_power,left_anterior,µV (amplitude; MMX PowerType=1 — NOT µV² power),uV,theta,4.0,8.0,left,anterior,,FFTEngine01,4.0,8.0,8,ordinal,P-DOC,Trend Types Frequency.md; PowerType=1 uV
64.0,0.5,2.0,4,128,3,,,,yes,129,I69_1,69,1,"FFT Power, 4 - 8 Hz, Left Hemisphere",FFT_Power 4-8 Left Hemisphere_avg,fft_theta_left_hemisphere,fft_power,left_hemisphere,µV (amplitude; MMX PowerType=1 — NOT µV² power),uV,theta,4.0,8.0,left,hemisphere,,FFTEngine01,4.0,8.0,8,ordinal,P-DOC,Trend Types Frequency.md; PowerType=1 uV
64.0,0.5,2.0,4,128,3,,,,yes,130,I70_1,70,1,"FFT Power, 4 - 8 Hz, Left Posterior",FFT_Power 4-8 Left Posterior_avg,fft_theta_left_posterior,fft_power,left_posterior,µV (amplitude; MMX PowerType=1 — NOT µV² power),uV,theta,4.0,8.0,left,posterior,,FFTEngine01,4.0,8.0,8,ordinal,P-DOC,Trend Types Frequency.md; PowerType=1 uV
64.0,0.5,2.0,4,128,3,,,,yes,131,I71_1,71,1,"FFT Power, 4 - 8 Hz, Right Anterior",FFT_Power 4-8 Right Anterior_avg,fft_theta_right_anterior,fft_power,right_anterior,µV (amplitude; MMX PowerType=1 — NOT µV² power),uV,theta,4.0,8.0,right,anterior,,FFTEngine01,4.0,8.0,8,ordinal,P-DOC,Trend Types Frequency.md; PowerType=1 uV
64.0,0.5,2.0,4,128,3,,,,yes,132,I72_1,72,1,"FFT Power, 4 - 8 Hz, Right Hemisphere",FFT_Power 4-8 Right Hemisphere_avg,fft_theta_right_hemisphere,fft_power,right_hemisphere,µV (amplitude; MMX PowerType=1 — NOT µV² power),uV,theta,4.0,8.0,right,hemisphere,,FFTEngine01,4.0,8.0,8,ordinal,P-DOC,Trend Types Frequency.md; PowerType=1 uV
64.0,0.5,2.0,4,128,3,,,,yes,133,I73_1,73,1,"FFT Power, 4 - 8 Hz, Right Posterior",FFT_Power 4-8 Right Posterior_avg,fft_theta_right_posterior,fft_power,right_posterior,µV (amplitude; MMX PowerType=1 — NOT µV² power),uV,theta,4.0,8.0,right,posterior,,FFTEngine01,4.0,8.0,8,ordinal,P-DOC,Trend Types Frequency.md; PowerType=1 uV
64.0,0.5,2.0,4,128,3,,,,yes,134,I74_1,74,1,"FFT Power, 4 - 8 Hz, Anterior",FFT_Power 4-8 Anterior_avg,fft_theta_anterior,fft_power,,µV (amplitude; MMX PowerType=1 — NOT µV² power),uV,theta,4.0,8.0,,anterior,,FFTEngine01,4.0,8.0,8,ordinal,P-DOC,Trend Types Frequency.md; PowerType=1 uV
64.0,0.5,2.0,4,128,3,,,,yes,135,I75_1,75,1,"FFT Power, 4 - 8 Hz, Posterior",FFT_Power 4-8 Posterior_avg,fft_theta_posterior,fft_power,,µV (amplitude; MMX PowerType=1 — NOT µV² power),uV,theta,4.0,8.0,,posterior,,FFTEngine01,4.0,8.0,8,ordinal,P-DOC,Trend Types Frequency.md; PowerType=1 uV
64.0,0.5,2.0,4,128,3,,,,yes,136,I76_1,76,1,"FFT Power, 8 - 13 Hz, All 10-20",FFT_Power 8-13 All 10-20_avg,fft_alpha_all,fft_power,,µV (amplitude; MMX PowerType=1 — NOT µV² power),uV,alpha,8.0,13.0,,,,FFTEngine01,4.0,8.0,8,ordinal,P-DOC,Trend Types Frequency.md; PowerType=1 uV
64.0,0.5,2.0,4,128,3,,,,yes,137,I77_1,77,1,"FFT Power, 8 - 13 Hz, Left Anterior",FFT_Power 8-13 Left Anterior_avg,fft_alpha_left_anterior,fft_power,left_anterior,µV (amplitude; MMX PowerType=1 — NOT µV² power),uV,alpha,8.0,13.0,left,anterior,,FFTEngine01,4.0,8.0,8,ordinal,P-DOC,Trend Types Frequency.md; PowerType=1 uV
64.0,0.5,2.0,4,128,3,,,,yes,138,I78_1,78,1,"FFT Power, 8 - 13 Hz, Left Hemisphere",FFT_Power 8-13 Left Hemisphere_avg,fft_alpha_left_hemisphere,fft_power,left_hemisphere,µV (amplitude; MMX PowerType=1 — NOT µV² power),uV,alpha,8.0,13.0,left,hemisphere,,FFTEngine01,4.0,8.0,8,ordinal,P-DOC,Trend Types Frequency.md; PowerType=1 uV
64.0,0.5,2.0,4,128,3,,,,yes,139,I79_1,79,1,"FFT Power, 8 - 13 Hz, Left Posterior",FFT_Power 8-13 Left Posterior_avg,fft_alpha_left_posterior,fft_power,left_posterior,µV (amplitude; MMX PowerType=1 — NOT µV² power),uV,alpha,8.0,13.0,left,posterior,,FFTEngine01,4.0,8.0,8,ordinal,P-DOC,Trend Types Frequency.md; PowerType=1 uV
64.0,0.5,2.0,4,128,3,,,,yes,140,I80_1,80,1,"FFT Power, 8 - 13 Hz, Right Anterior",FFT_Power 8-13 Right Anterior_avg,fft_alpha_right_anterior,fft_power,right_anterior,µV (amplitude; MMX PowerType=1 — NOT µV² power),uV,alpha,8.0,13.0,right,anterior,,FFTEngine01,4.0,8.0,8,ordinal,P-DOC,Trend Types Frequency.md; PowerType=1 uV
64.0,0.5,2.0,4,128,3,,,,yes,141,I81_1,81,1,"FFT Power, 8 - 13 Hz, Right Hemisphere",FFT_Power 8-13 Right Hemisphere_avg,fft_alpha_right_hemisphere,fft_power,right_hemisphere,µV (amplitude; MMX PowerType=1 — NOT µV² power),uV,alpha,8.0,13.0,right,hemisphere,,FFTEngine01,4.0,8.0,8,ordinal,P-DOC,Trend Types Frequency.md; PowerType=1 uV
64.0,0.5,2.0,4,128,3,,,,yes,142,I82_1,82,1,"FFT Power, 8 - 13 Hz, Right Posterior",FFT_Power 8-13 Right Posterior_avg,fft_alpha_right_posterior,fft_power,right_posterior,µV (amplitude; MMX PowerType=1 — NOT µV² power),uV,alpha,8.0,13.0,right,posterior,,FFTEngine01,4.0,8.0,8,ordinal,P-DOC,Trend Types Frequency.md; PowerType=1 uV
64.0,0.5,2.0,4,128,3,,,,yes,143,I83_1,83,1,"FFT Power, 8 - 13 Hz, Anterior",FFT_Power 8-13 Anterior_avg,fft_alpha_anterior,fft_power,,µV (amplitude; MMX PowerType=1 — NOT µV² power),uV,alpha,8.0,13.0,,anterior,,FFTEngine01,4.0,8.0,8,ordinal,P-DOC,Trend Types Frequency.md; PowerType=1 uV
64.0,0.5,2.0,4,128,3,,,,yes,144,I84_1,84,1,"FFT Power, 8 - 13 Hz, Posterior",FFT_Power 8-13 Posterior_avg,fft_alpha_posterior,fft_power,,µV (amplitude; MMX PowerType=1 — NOT µV² power),uV,alpha,8.0,13.0,,posterior,,FFTEngine01,4.0,8.0,8,ordinal,P-DOC,Trend Types Frequency.md; PowerType=1 uV
64.0,0.5,2.0,4,128,3,,,,yes,145,I85_1,85,1,"FFT PowerRatio, 4-8/1-4 Hz, All 10-20",FFT_PowerRatio 4-8//1-4 All 10-20_avg,tdr_all,adr,,"ratio of µV amplitudes (dimensionless); clamped at Ratio Max 10. NOT a power ratio — equals the square root of a conventional power-based ADR, so do not compare directly to published values.",uV,theta,4.0,8.0,,,,FFTEngine01,4.0,8.0,8,ordinal,P-DOC,"ratio of uV amplitude, NOT power; = sqrt of power-based ADR"
64.0,0.5,2.0,4,128,3,,,,yes,146,I86_1,86,1,"FFT PowerRatio, 4-8/1-4 Hz, Left Anterior",FFT_PowerRatio 4-8//1-4 Left Anterior_avg,tdr_left_anterior,adr,,"ratio of µV amplitudes (dimensionless); clamped at Ratio Max 10. NOT a power ratio — equals the square root of a conventional power-based ADR, so do not compare directly to published values.",uV,theta,4.0,8.0,left,anterior,,FFTEngine01,4.0,8.0,8,ordinal,P-DOC,"ratio of uV amplitude, NOT power; = sqrt of power-based ADR"
64.0,0.5,2.0,4,128,3,,,,yes,147,I87_1,87,1,"FFT PowerRatio, 4-8/1-4 Hz, Left Hemisphere",FFT_PowerRatio 4-8//1-4 Left Hemisphere_avg,tdr_left_hemisphere,adr,,"ratio of µV amplitudes (dimensionless); clamped at Ratio Max 10. NOT a power ratio — equals the square root of a conventional power-based ADR, so do not compare directly to published values.",uV,theta,4.0,8.0,left,hemisphere,,FFTEngine01,4.0,8.0,8,ordinal,P-DOC,"ratio of uV amplitude, NOT power; = sqrt of power-based ADR"
64.0,0.5,2.0,4,128,3,,,,yes,148,I88_1,88,1,"FFT PowerRatio, 4-8/1-4 Hz, Left Posterior",FFT_PowerRatio 4-8//1-4 Left Posterior_avg,tdr_left_posterior,adr,,"ratio of µV amplitudes (dimensionless); clamped at Ratio Max 10. NOT a power ratio — equals the square root of a conventional power-based ADR, so do not compare directly to published values.",uV,theta,4.0,8.0,left,posterior,,FFTEngine01,4.0,8.0,8,ordinal,P-DOC,"ratio of uV amplitude, NOT power; = sqrt of power-based ADR"
64.0,0.5,2.0,4,128,3,,,,yes,149,I89_1,89,1,"FFT PowerRatio, 4-8/1-4 Hz, Right Anterior",FFT_PowerRatio 4-8//1-4 Right Anterior_avg,tdr_right_anterior,adr,,"ratio of µV amplitudes (dimensionless); clamped at Ratio Max 10. NOT a power ratio — equals the square root of a conventional power-based ADR, so do not compare directly to published values.",uV,theta,4.0,8.0,right,anterior,,FFTEngine01,4.0,8.0,8,ordinal,P-DOC,"ratio of uV amplitude, NOT power; = sqrt of power-based ADR"
64.0,0.5,2.0,4,128,3,,,,yes,150,I90_1,90,1,"FFT PowerRatio, 4-8/1-4 Hz, Right Hemisphere",FFT_PowerRatio 4-8//1-4 Right Hemisphere_avg,tdr_right_hemisphere,adr,,"ratio of µV amplitudes (dimensionless); clamped at Ratio Max 10. NOT a power ratio — equals the square root of a conventional power-based ADR, so do not compare directly to published values.",uV,theta,4.0,8.0,right,hemisphere,,FFTEngine01,4.0,8.0,8,ordinal,P-DOC,"ratio of uV amplitude, NOT power; = sqrt of power-based ADR"
64.0,0.5,2.0,4,128,3,,,,yes,151,I91_1,91,1,"FFT PowerRatio, 4-8/1-4 Hz, Right Posterior",FFT_PowerRatio 4-8//1-4 Right Posterior_avg,tdr_right_posterior,adr,,"ratio of µV amplitudes (dimensionless); clamped at Ratio Max 10. NOT a power ratio — equals the square root of a conventional power-based ADR, so do not compare directly to published values.",uV,theta,4.0,8.0,right,posterior,,FFTEngine01,4.0,8.0,8,ordinal,P-DOC,"ratio of uV amplitude, NOT power; = sqrt of power-based ADR"
64.0,0.5,2.0,4,128,3,,,,yes,152,I92_1,92,1,"FFT PowerRatio, 4-8/1-4 Hz, Anterior",FFT_PowerRatio 4-8//1-4 Anterior_avg,tdr_anterior,adr,,"ratio of µV amplitudes (dimensionless); clamped at Ratio Max 10. NOT a power ratio — equals the square root of a conventional power-based ADR, so do not compare directly to published values.",uV,theta,4.0,8.0,,anterior,,FFTEngine01,4.0,8.0,8,ordinal,P-DOC,"ratio of uV amplitude, NOT power; = sqrt of power-based ADR"
64.0,0.5,2.0,4,128,3,,,,yes,153,I93_1,93,1,"FFT PowerRatio, 4-8/1-4 Hz, Posterior",FFT_PowerRatio 4-8//1-4 Posterior_avg,tdr_posterior,adr,,"ratio of µV amplitudes (dimensionless); clamped at Ratio Max 10. NOT a power ratio — equals the square root of a conventional power-based ADR, so do not compare directly to published values.",uV,theta,4.0,8.0,,posterior,,FFTEngine01,4.0,8.0,8,ordinal,P-DOC,"ratio of uV amplitude, NOT power; = sqrt of power-based ADR"
64.0,0.5,2.0,4,128,3,,,,yes,154,I94_1,94,1,"FFT PowerRatio, 6-14/1-20 Hz, All 10-20",FFT_PowerRatio 6-14//1-20 All 10-20_avg,rav_all,alpha_variability,,RAV: 6–14/1–20 Hz ratio of µV amplitudes (dimensionless); clamped at Ratio Max 10,uV,,6.0,14.0,,,,FFTEngine01,4.0,8.0,8,ordinal,MMX,RAV = 6-14/1-20 Hz ratio; absent from Persyst help
64.0,0.5,2.0,4,128,3,,,,yes,155,I95_1,95,1,"FFT PowerRatio, 6-14/1-20 Hz, Left Anterior",FFT_PowerRatio 6-14//1-20 Left Anterior_avg,rav_left_anterior,alpha_variability,left_anterior,RAV: 6–14/1–20 Hz ratio of µV amplitudes (dimensionless); clamped at Ratio Max 10,uV,,6.0,14.0,left,anterior,,FFTEngine01,4.0,8.0,8,ordinal,MMX,RAV = 6-14/1-20 Hz ratio; absent from Persyst help
64.0,0.5,2.0,4,128,3,,,,yes,156,I96_1,96,1,"FFT PowerRatio, 6-14/1-20 Hz, Left Hemisphere",FFT_PowerRatio 6-14//1-20 Left Hemisphere_avg,rav_left_hemisphere,alpha_variability,left_hemisphere,RAV: 6–14/1–20 Hz ratio of µV amplitudes (dimensionless); clamped at Ratio Max 10,uV,,6.0,14.0,left,hemisphere,,FFTEngine01,4.0,8.0,8,ordinal,MMX,RAV = 6-14/1-20 Hz ratio; absent from Persyst help
64.0,0.5,2.0,4,128,3,,,,yes,157,I97_1,97,1,"FFT PowerRatio, 6-14/1-20 Hz, Left Posterior",FFT_PowerRatio 6-14//1-20 Left Posterior_avg,rav_left_posterior,alpha_variability,left_posterior,RAV: 6–14/1–20 Hz ratio of µV amplitudes (dimensionless); clamped at Ratio Max 10,uV,,6.0,14.0,left,posterior,,FFTEngine01,4.0,8.0,8,ordinal,MMX,RAV = 6-14/1-20 Hz ratio; absent from Persyst help
64.0,0.5,2.0,4,128,3,,,,yes,158,I98_1,98,1,"FFT PowerRatio, 6-14/1-20 Hz, Right Anterior",FFT_PowerRatio 6-14//1-20 Right Anterior_avg,rav_right_anterior,alpha_variability,right_anterior,RAV: 6–14/1–20 Hz ratio of µV amplitudes (dimensionless); clamped at Ratio Max 10,uV,,6.0,14.0,right,anterior,,FFTEngine01,4.0,8.0,8,ordinal,MMX,RAV = 6-14/1-20 Hz ratio; absent from Persyst help
64.0,0.5,2.0,4,128,3,,,,yes,159,I99_1,99,1,"FFT PowerRatio, 6-14/1-20 Hz, Right Hemisphere",FFT_PowerRatio 6-14//1-20 Right Hemisphere_avg,rav_right_hemisphere,alpha_variability,right_hemisphere,RAV: 6–14/1–20 Hz ratio of µV amplitudes (dimensionless); clamped at Ratio Max 10,uV,,6.0,14.0,right,hemisphere,,FFTEngine01,4.0,8.0,8,ordinal,MMX,RAV = 6-14/1-20 Hz ratio; absent from Persyst help
64.0,0.5,2.0,4,128,3,,,,yes,160,I100_1,100,1,"FFT PowerRatio, 6-14/1-20 Hz, Right Posterior",FFT_PowerRatio 6-14//1-20 Right Posterior_avg,rav_right_posterior,alpha_variability,right_posterior,RAV: 6–14/1–20 Hz ratio of µV amplitudes (dimensionless); clamped at Ratio Max 10,uV,,6.0,14.0,right,posterior,,FFTEngine01,4.0,8.0,8,ordinal,MMX,RAV = 6-14/1-20 Hz ratio; absent from Persyst help
64.0,0.5,2.0,4,128,3,,,,yes,161,I101_1,101,1,"FFT PowerRatio, 6-14/1-20 Hz, Anterior",FFT_PowerRatio 6-14//1-20 Anterior_avg,rav_anterior,alpha_variability,,RAV: 6–14/1–20 Hz ratio of µV amplitudes (dimensionless); clamped at Ratio Max 10,uV,,6.0,14.0,,anterior,,FFTEngine01,4.0,8.0,8,ordinal,MMX,RAV = 6-14/1-20 Hz ratio; absent from Persyst help
64.0,0.5,2.0,4,128,3,,,,yes,162,I102_1,102,1,"FFT PowerRatio, 6-14/1-20 Hz, Posterior",FFT_PowerRatio 6-14//1-20 Posterior_avg,rav_posterior,alpha_variability,,RAV: 6–14/1–20 Hz ratio of µV amplitudes (dimensionless); clamped at Ratio Max 10,uV,,6.0,14.0,,posterior,,FFTEngine01,4.0,8.0,8,ordinal,MMX,RAV = 6-14/1-20 Hz ratio; absent from Persyst help
64.0,0.5,2.0,4,128,3,,,,yes,163,I103_1,103,1,"FFT PowerRatio, 8-13/1-4 Hz, All 10-20",FFT_PowerRatio 8-13//1-4 All 10-20_avg,adr_all,adr,,"ratio of µV amplitudes (dimensionless); clamped at Ratio Max 10. NOT a power ratio — equals the square root of a conventional power-based ADR, so do not compare directly to published values.",uV,alpha,8.0,13.0,,,,FFTEngine01,4.0,8.0,8,ordinal,P-DOC,"ratio of uV amplitude, NOT power; = sqrt of power-based ADR"
64.0,0.5,2.0,4,128,3,,,,yes,164,I104_1,104,1,"FFT PowerRatio, 8-13/1-4 Hz, Left Anterior",FFT_PowerRatio 8-13//1-4 Left Anterior_avg,adr_left_anterior,adr,,"ratio of µV amplitudes (dimensionless); clamped at Ratio Max 10. NOT a power ratio — equals the square root of a conventional power-based ADR, so do not compare directly to published values.",uV,alpha,8.0,13.0,left,anterior,,FFTEngine01,4.0,8.0,8,ordinal,P-DOC,"ratio of uV amplitude, NOT power; = sqrt of power-based ADR"
64.0,0.5,2.0,4,128,3,,,,yes,165,I105_1,105,1,"FFT PowerRatio, 8-13/1-4 Hz, Left Hemisphere",FFT_PowerRatio 8-13//1-4 Left Hemisphere_avg,adr_left_hemisphere,adr,,"ratio of µV amplitudes (dimensionless); clamped at Ratio Max 10. NOT a power ratio — equals the square root of a conventional power-based ADR, so do not compare directly to published values.",uV,alpha,8.0,13.0,left,hemisphere,,FFTEngine01,4.0,8.0,8,ordinal,P-DOC,"ratio of uV amplitude, NOT power; = sqrt of power-based ADR"
64.0,0.5,2.0,4,128,3,,,,yes,166,I106_1,106,1,"FFT PowerRatio, 8-13/1-4 Hz, Left Posterior",FFT_PowerRatio 8-13//1-4 Left Posterior_avg,adr_left_posterior,adr,,"ratio of µV amplitudes (dimensionless); clamped at Ratio Max 10. NOT a power ratio — equals the square root of a conventional power-based ADR, so do not compare directly to published values.",uV,alpha,8.0,13.0,left,posterior,,FFTEngine01,4.0,8.0,8,ordinal,P-DOC,"ratio of uV amplitude, NOT power; = sqrt of power-based ADR"
64.0,0.5,2.0,4,128,3,,,,yes,167,I107_1,107,1,"FFT PowerRatio, 8-13/1-4 Hz, Right Anterior",FFT_PowerRatio 8-13//1-4 Right Anterior_avg,adr_right_anterior,adr,,"ratio of µV amplitudes (dimensionless); clamped at Ratio Max 10. NOT a power ratio — equals the square root of a conventional power-based ADR, so do not compare directly to published values.",uV,alpha,8.0,13.0,right,anterior,,FFTEngine01,4.0,8.0,8,ordinal,P-DOC,"ratio of uV amplitude, NOT power; = sqrt of power-based ADR"
64.0,0.5,2.0,4,128,3,,,,yes,168,I108_1,108,1,"FFT PowerRatio, 8-13/1-4 Hz, Right Hemisphere",FFT_PowerRatio 8-13//1-4 Right Hemisphere_avg,adr_right_hemisphere,adr,,"ratio of µV amplitudes (dimensionless); clamped at Ratio Max 10. NOT a power ratio — equals the square root of a conventional power-based ADR, so do not compare directly to published values.",uV,alpha,8.0,13.0,right,hemisphere,,FFTEngine01,4.0,8.0,8,ordinal,P-DOC,"ratio of uV amplitude, NOT power; = sqrt of power-based ADR"
64.0,0.5,2.0,4,128,3,,,,yes,169,I109_1,109,1,"FFT PowerRatio, 8-13/1-4 Hz, Right Posterior",FFT_PowerRatio 8-13//1-4 Right Posterior_avg,adr_right_posterior,adr,,"ratio of µV amplitudes (dimensionless); clamped at Ratio Max 10. NOT a power ratio — equals the square root of a conventional power-based ADR, so do not compare directly to published values.",uV,alpha,8.0,13.0,right,posterior,,FFTEngine01,4.0,8.0,8,ordinal,P-DOC,"ratio of uV amplitude, NOT power; = sqrt of power-based ADR"
64.0,0.5,2.0,4,128,3,,,,yes,170,I110_1,110,1,"FFT PowerRatio, 8-13/1-4 Hz, Anterior",FFT_PowerRatio 8-13//1-4 Anterior_avg,adr_anterior,adr,,"ratio of µV amplitudes (dimensionless); clamped at Ratio Max 10. NOT a power ratio — equals the square root of a conventional power-based ADR, so do not compare directly to published values.",uV,alpha,8.0,13.0,,anterior,,FFTEngine01,4.0,8.0,8,ordinal,P-DOC,"ratio of uV amplitude, NOT power; = sqrt of power-based ADR"
64.0,0.5,2.0,4,128,3,,,,yes,171,I111_1,111,1,"FFT PowerRatio, 8-13/1-4 Hz, Posterior",FFT_PowerRatio 8-13//1-4 Posterior_avg,adr_posterior,adr,,"ratio of µV amplitudes (dimensionless); clamped at Ratio Max 10. NOT a power ratio — equals the square root of a conventional power-based ADR, so do not compare directly to published values.",uV,alpha,8.0,13.0,,posterior,,FFTEngine01,4.0,8.0,8,ordinal,P-DOC,"ratio of uV amplitude, NOT power; = sqrt of power-based ADR"
128.0,,,,,,,,,,172,I112_1,112,1,"PeakEnvelope, 2 - 20 Hz, All 10-20",PeakEnvelope 2-20 All 10-20_avg,peak_envelope,peak_envelope,,µV,,,2.0,20.0,,,,PeakEnvelope01,1.0,1.0,1,ordinal,P-DOC,Trend Type Peak Envelope.md; 10 s average
128.0,,,,,,,,,,173,I113_1,113,1,"PeakEnvelope, 2 - 20 Hz, Left Anterior",PeakEnvelope 2-20 Left Anterior_avg,peak_envelope_left_anterior,peak_envelope,,µV,,,2.0,20.0,left,anterior,,PeakEnvelope01,1.0,1.0,1,ordinal,P-DOC,Trend Type Peak Envelope.md; 10 s average
128.0,,,,,,,,,,174,I114_1,114,1,"PeakEnvelope, 2 - 20 Hz, Left Hemisphere",PeakEnvelope 2-20 Left Hemisphere_avg,peak_envelope_left_hemisphere,peak_envelope,,µV,,,2.0,20.0,left,hemisphere,,PeakEnvelope01,1.0,1.0,1,ordinal,P-DOC,Trend Type Peak Envelope.md; 10 s average
128.0,,,,,,,,,,175,I115_1,115,1,"PeakEnvelope, 2 - 20 Hz, Left Posterior",PeakEnvelope 2-20 Left Posterior_avg,peak_envelope_left_posterior,peak_envelope,,µV,,,2.0,20.0,left,posterior,,PeakEnvelope01,1.0,1.0,1,ordinal,P-DOC,Trend Type Peak Envelope.md; 10 s average
128.0,,,,,,,,,,176,I116_1,116,1,"PeakEnvelope, 2 - 20 Hz, Right Anterior",PeakEnvelope 2-20 Right Anterior_avg,peak_envelope_right_anterior,peak_envelope,,µV,,,2.0,20.0,right,anterior,,PeakEnvelope01,1.0,1.0,1,ordinal,P-DOC,Trend Type Peak Envelope.md; 10 s average
128.0,,,,,,,,,,177,I117_1,117,1,"PeakEnvelope, 2 - 20 Hz, Right Hemisphere",PeakEnvelope 2-20 Right Hemisphere_avg,peak_envelope_right_hemisphere,peak_envelope,,µV,,,2.0,20.0,right,hemisphere,,PeakEnvelope01,1.0,1.0,1,ordinal,P-DOC,Trend Type Peak Envelope.md; 10 s average
128.0,,,,,,,,,,178,I118_1,118,1,"PeakEnvelope, 2 - 20 Hz, Right Posterior",PeakEnvelope 2-20 Right Posterior_avg,peak_envelope_right_posterior,peak_envelope,,µV,,,2.0,20.0,right,posterior,,PeakEnvelope01,1.0,1.0,1,ordinal,P-DOC,Trend Type Peak Envelope.md; 10 s average
128.0,,,,,,,,,,179,I119_1,119,1,"PeakEnvelope, 2 - 20 Hz, Anterior",PeakEnvelope 2-20 Anterior_avg,peak_envelope_anterior,peak_envelope,,µV,,,2.0,20.0,,anterior,,PeakEnvelope01,1.0,1.0,1,ordinal,P-DOC,Trend Type Peak Envelope.md; 10 s average
128.0,,,,,,,,,,180,I120_1,120,1,"PeakEnvelope, 2 - 20 Hz, Posterior",PeakEnvelope 2-20 Posterior_avg,peak_envelope_posterior,peak_envelope,,µV,,,2.0,20.0,,posterior,,PeakEnvelope01,1.0,1.0,1,ordinal,P-DOC,Trend Type Peak Envelope.md; 10 s average
64.0,0.5,2.0,4,128,3,,,,yes,181,I121_1,121,1,"RAV (2 min. running ave.) FFT PowerRatio 6-14/1-20Hz Left Anterior, FFT PowerRatio, 6-14/1-20 Hz, Left Anterior","Time Avg <0,120> [FFT_PowerRatio 6-14//1-20 Left Anterior_avg]",rav_avg_left_anterior,alpha_variability,left_anterior,RAV: 6–14/1–20 Hz ratio of µV amplitudes (dimensionless); clamped at Ratio Max 10,,,6.0,14.0,left,anterior,,FFTEngine01,4.0,8.0,8,ordinal,MMX,RAV = 6-14/1-20 Hz ratio; absent from Persyst help
64.0,0.5,2.0,4,128,3,,,,yes,182,I122_1,122,1,"RAV (2 min. running ave.) FFT PowerRatio 6-14/1-20Hz Left Hemisphere, FFT PowerRatio, 6-14/1-20 Hz, Left Hemisphere","Time Avg <0,120> [FFT_PowerRatio 6-14//1-20 Left Hemisphere_avg]",rav_avg_left_hemisphere,alpha_variability,left_hemisphere,RAV: 6–14/1–20 Hz ratio of µV amplitudes (dimensionless); clamped at Ratio Max 10,,,6.0,14.0,left,hemisphere,,FFTEngine01,4.0,8.0,8,ordinal,MMX,RAV = 6-14/1-20 Hz ratio; absent from Persyst help
64.0,0.5,2.0,4,128,3,,,,yes,183,I123_1,123,1,"RAV (2 min. running ave.) FFT PowerRatio 6-14/1-20Hz Left Posterior, FFT PowerRatio, 6-14/1-20 Hz, Left Posterior","Time Avg <0,120> [FFT_PowerRatio 6-14//1-20 Left Posterior_avg]",rav_avg_left_posterior,alpha_variability,left_posterior,RAV: 6–14/1–20 Hz ratio of µV amplitudes (dimensionless); clamped at Ratio Max 10,,,6.0,14.0,left,posterior,,FFTEngine01,4.0,8.0,8,ordinal,MMX,RAV = 6-14/1-20 Hz ratio; absent from Persyst help
64.0,0.5,2.0,4,128,3,,,,yes,184,I124_1,124,1,"RAV (2 min. running ave.) FFT PowerRatio 6-14/1-20Hz Right Anterior, FFT PowerRatio, 6-14/1-20 Hz, Right Anterior","Time Avg <0,120> [FFT_PowerRatio 6-14//1-20 Right Anterior_avg]",rav_avg_right_anterior,alpha_variability,right_anterior,RAV: 6–14/1–20 Hz ratio of µV amplitudes (dimensionless); clamped at Ratio Max 10,,,6.0,14.0,right,anterior,,FFTEngine01,4.0,8.0,8,ordinal,MMX,RAV = 6-14/1-20 Hz ratio; absent from Persyst help
64.0,0.5,2.0,4,128,3,,,,yes,185,I125_1,125,1,"RAV (2 min. running ave.) FFT PowerRatio 6-14/1-20Hz Right Hemisphere, FFT PowerRatio, 6-14/1-20 Hz, Right Hemisphere","Time Avg <0,120> [FFT_PowerRatio 6-14//1-20 Right Hemisphere_avg]",rav_avg_right_hemisphere,alpha_variability,right_hemisphere,RAV: 6–14/1–20 Hz ratio of µV amplitudes (dimensionless); clamped at Ratio Max 10,,,6.0,14.0,right,hemisphere,,FFTEngine01,4.0,8.0,8,ordinal,MMX,RAV = 6-14/1-20 Hz ratio; absent from Persyst help
64.0,0.5,2.0,4,128,3,,,,yes,186,I126_1,126,1,"RAV (2 min. running ave.) FFT PowerRatio 6-14/1-20Hz Right Posterior, FFT PowerRatio, 6-14/1-20 Hz, Right Posterior","Time Avg <0,120> [FFT_PowerRatio 6-14//1-20 Right Posterior_avg]",rav_avg_right_posterior,alpha_variability,right_posterior,RAV: 6–14/1–20 Hz ratio of µV amplitudes (dimensionless); clamped at Ratio Max 10,,,6.0,14.0,right,posterior,,FFTEngine01,4.0,8.0,8,ordinal,MMX,RAV = 6-14/1-20 Hz ratio; absent from Persyst help
128.0,,,,,,,,,,187,I127_1,127,1,"Rhythmic delta indicator bilateral(blue=left, red=right, green=gen)",[[[>= 1.1 <0> [SumValues_Abs_0-0 [Rhythmicity Spectrogram 3.00 Left Anterior_avg]]] AND [>= 5 <0> [SumValues_Abs_2-2 [Rhythmicity Spectrogram 3.00 Left Anterior_avg]]]] OR [[>= 1.1 <0> [SumValues_Abs_0-0 [Rhythmicity Spectrogram 3.00 Left Posterior_avg]]] AND [>= 5 <0> [SumValues_Abs_2-2 [Rhythmicity Spectrogram 3.00 Left Posterior_avg]]]]] AND [[[>= 1.1 <0> [SumValues_Abs_0-0 [Rhythmicity Spectrogram 3.00 Right Anterior_avg]]] AND [>= 5 <0> [SumValues_Abs_2-2 [Rhythmicity Spectrogram 3.00 Right Anterior_avg]]]] OR [[>= 1.1 <0> [SumValues_Abs_0-0 [Rhythmicity Spectrogram 3.00 Right Posterior_avg]]] AND [>= 5 <0> [SumValues_Abs_2-2 [Rhythmicity Spectrogram 3.00 Right Posterior_avg]]]]],rda_bilateral,rda,bilateral,rhythmicity index,,,,,left,anterior,,RhythmicityEngine01,3.0,2.0,2,ordinal,P-COMM,"Mike 2026-08-21: binary; 'gen' = bilateral co-occurrence, NOT GRDA"
128.0,,,,,,,,,,188,I128_1,128,1,"Rhythmic delta indicator left (blue=left, red=right, green=gen)",[[[>= 1.1 <0> [SumValues_Abs_0-0 [Rhythmicity Spectrogram 3.00 Left Anterior_avg]]] AND [>= 5 <0> [SumValues_Abs_2-2 [Rhythmicity Spectrogram 3.00 Left Anterior_avg]]]] OR [[>= 1.1 <0> [SumValues_Abs_0-0 [Rhythmicity Spectrogram 3.00 Left Posterior_avg]]] AND [>= 5 <0> [SumValues_Abs_2-2 [Rhythmicity Spectrogram 3.00 Left Posterior_avg]]]]] AND NOT[[[>= 1.1 <0> [SumValues_Abs_0-0 [Rhythmicity Spectrogram 3.00 Right Anterior_avg]]] AND [>= 5 <0> [SumValues_Abs_2-2 [Rhythmicity Spectrogram 3.00 Right Anterior_avg]]]] OR [[>= 1.1 <0> [SumValues_Abs_0-0 [Rhythmicity Spectrogram 3.00 Right Posterior_avg]]] AND [>= 5 <0> [SumValues_Abs_2-2 [Rhythmicity Spectrogram 3.00 Right Posterior_avg]]]]],rda_left,rda,left,rhythmicity index,,,,,left,anterior,,RhythmicityEngine01,3.0,2.0,2,ordinal,P-COMM,"Mike 2026-08-21: binary; 'gen' = bilateral co-occurrence, NOT GRDA"
128.0,,,,,,,,,,189,I129_1,129,1,"Rhythmic delta indicator right (blue=left, red=right, green=gen)",[[[>= 1.1 <0> [SumValues_Abs_0-0 [Rhythmicity Spectrogram 3.00 Right Anterior_avg]]] AND [>= 5 <0> [SumValues_Abs_2-2 [Rhythmicity Spectrogram 3.00 Right Anterior_avg]]]] OR [[>= 1.1 <0> [SumValues_Abs_0-0 [Rhythmicity Spectrogram 3.00 Right Posterior_avg]]] AND [>= 5 <0> [SumValues_Abs_2-2 [Rhythmicity Spectrogram 3.00 Right Posterior_avg]]]]] AND NOT[[[>= 1.1 <0> [SumValues_Abs_0-0 [Rhythmicity Spectrogram 3.00 Left Anterior_avg]]] AND [>= 5 <0> [SumValues_Abs_2-2 [Rhythmicity Spectrogram 3.00 Left Anterior_avg]]]] OR [[>= 1.1 <0> [SumValues_Abs_0-0 [Rhythmicity Spectrogram 3.00 Left Posterior_avg]]] AND [>= 5 <0> [SumValues_Abs_2-2 [Rhythmicity Spectrogram 3.00 Left Posterior_avg]]]]],rda_right,rda,right,rhythmicity index,,,,,left,anterior,,RhythmicityEngine01,3.0,2.0,2,ordinal,P-COMM,"Mike 2026-08-21: binary; 'gen' = bilateral co-occurrence, NOT GRDA"
64.0,0.5,2.0,4,128,3,,,,yes,190,I130_1,130,1,"SEF95, All 10-20",FFT_Edge 95 0-32 All 10-20_avg,sef_95_all,spectral_edge,,Hz,uV,,,,,,F9,FFTEngine01,4.0,8.0,8,ordinal,P-DOC,Trend Types Frequency.md; FFT Edge 0-32 Hz
64.0,0.5,2.0,4,128,3,,,,yes,191,I131_1,131,1,"SEF95, Left Hemisphere",FFT_Edge 95 0-32 Left Hemisphere_avg,sef_95_left_hemisphere,spectral_edge,,Hz,uV,,,,left,hemisphere,F9,FFTEngine01,4.0,8.0,8,ordinal,P-DOC,Trend Types Frequency.md; FFT Edge 0-32 Hz
64.0,0.5,2.0,4,128,3,,,,yes,192,I132_1,132,1,"SEF 95 Left Ant, Left Anterior",FFT_Edge 95 0-32 Left Anterior_avg,sef_95_left_anterior,spectral_edge,,Hz,uV,,,,left,anterior,,FFTEngine01,4.0,8.0,8,ordinal,P-DOC,Trend Types Frequency.md; FFT Edge 0-32 Hz
64.0,0.5,2.0,4,128,3,,,,yes,193,I133_1,133,1,"SEF 95 Left Post, Left Posterior",FFT_Edge 95 0-32 Left Posterior_avg,sef_95_left_posterior,spectral_edge,,Hz,uV,,,,left,posterior,,FFTEngine01,4.0,8.0,8,ordinal,P-DOC,Trend Types Frequency.md; FFT Edge 0-32 Hz
64.0,0.5,2.0,4,128,3,,,,yes,194,I134_1,134,1,"SEF95, Right Hemisphere",FFT_Edge 95 0-32 Right Hemisphere_avg,sef_95_right_hemisphere,spectral_edge,,Hz,uV,,,,right,hemisphere,F9,FFTEngine01,4.0,8.0,8,ordinal,P-DOC,Trend Types Frequency.md; FFT Edge 0-32 Hz
64.0,0.5,2.0,4,128,3,,,,yes,195,I135_1,135,1,"SEF 95 Right Ant, Right Anterior",FFT_Edge 95 0-32 Right Anterior_avg,sef_95_right_anterior,spectral_edge,,Hz,uV,,,,right,anterior,,FFTEngine01,4.0,8.0,8,ordinal,P-DOC,Trend Types Frequency.md; FFT Edge 0-32 Hz
64.0,0.5,2.0,4,128,3,,,,yes,196,I136_1,136,1,"SEF 95 Right Post, Right Posterior",FFT_Edge 95 0-32 Right Posterior_avg,sef_95_right_posterior,spectral_edge,,Hz,uV,,,,right,posterior,,FFTEngine01,4.0,8.0,8,ordinal,P-DOC,Trend Types Frequency.md; FFT Edge 0-32 Hz
64.0,0.5,2.0,4,128,3,,,,yes,197,I137_1,137,1,"SEF95, Anterior",FFT_Edge 95 0-32 Anterior_avg,sef_95_anterior,spectral_edge,,Hz,uV,,,,,anterior,F9,FFTEngine01,4.0,8.0,8,ordinal,P-DOC,Trend Types Frequency.md; FFT Edge 0-32 Hz
64.0,0.5,2.0,4,128,3,,,,yes,198,I138_1,138,1,"SEF95, Posterior",FFT_Edge 95 0-32 Posterior_avg,sef_95_posterior,spectral_edge,,Hz,uV,,,,,posterior,F9,FFTEngine01,4.0,8.0,8,ordinal,P-DOC,Trend Types Frequency.md; FFT Edge 0-32 Hz
64.0,0.5,2.0,4,128,3,,,,yes,199,I139_1,139,1,"SEF50, All 10-20",FFT_Edge 50 0-32 All 10-20_avg,sef_50_all,spectral_edge,,Hz,uV,,,,,,,FFTEngine01,4.0,8.0,8,ordinal,P-DOC,Trend Types Frequency.md; FFT Edge 0-32 Hz
64.0,0.5,2.0,4,128,3,,,,yes,200,I140_1,140,1,"SEF75, All 10-20",FFT_Edge 75 0-32 All 10-20_avg,sef_75_all,spectral_edge,,Hz,uV,,,,,,F7,FFTEngine01,4.0,8.0,8,ordinal,P-DOC,Trend Types Frequency.md; FFT Edge 0-32 Hz
64.0,0.5,2.0,4,128,3,,,,yes,201,I141_1,141,1,"SEF90, All 10-20",FFT_Edge 90 0-32 All 10-20_avg,sef_90_all,spectral_edge,,Hz,uV,,,,,,F9,FFTEngine01,4.0,8.0,8,ordinal,P-DOC,Trend Types Frequency.md; FFT Edge 0-32 Hz
128.0,,,,,,,,,,202,I142_1,142,1,Seizure Detections (red) and Notifications (gray),SeizureEventsP14,seizure_detection_event,seizure_detection,detection_event,boolean (0/1),,,,,,,,SeizureProbabilityP1401,1.0,1.0,1,ordinal,P-DOC,Trend Types Seizure Detection.md; binary
128.0,,,,,,,,,,203,I142_2,142,2,Seizure Detections (red) and Notifications (gray),SeizureEventsP14,seizure_notification_event,seizure_detection,notification_event,boolean (0/1),,,,,,,,SeizureProbabilityP1401,1.0,1.0,1,ordinal,P-DOC,Trend Types Seizure Detection.md; binary
128.0,,,,,,,,,,204,I143_1,143,1,Seizure Notifications (P14),SeizureProbabilityP14 Notifications,seizure_notification_p14,seizure_notification,,boolean (0/1),,,,,,,,SeizureProbabilityP1401,1.0,1.0,1,ordinal,P-DOC,Trend Panel Active Notifications.md
128.0,,,,,,,,,,205,I144_1,144,1,Seizure detections,SeizureProbabilityP14 Detections,seizure_detection_p14,seizure_detection,detection_event,boolean (0/1),,,,,,,,SeizureProbabilityP1401,1.0,1.0,1,ordinal,P-DOC,Trend Types Seizure Detection.md; binary
128.0,,,,,,,,,,206,I145_1,145,1,Seizure probability,SeizureProbabilityP14 Probability,seizure_probability_p14_probability,seizure_probability,probability,probability (0–1),,,,,,,,SeizureProbabilityP1401,1.0,1.0,1,ordinal,P-DOC,Trend Types Seizure Probability.md; 0-1
,,,,,,,,,,207,I146_1,146,1,SleepStages,SleepStages,sleep_stage_display,sleep,stage_display,sleep stage code,,,,,,,,,,,,ordinal,P-DOC,Trend Types Sleep-Wake.md; stage codes 0-5
,,,,,,,,,,208,I147_1,147,1,"Sleep-Wake Stage N3 (yellow=wake; green-blue=N1; light blue=N2; dark blue=N3; ornage=REM; black=indeterminate), SleepStages",= 1 <0> [SleepStages],sleep_stage_1,sleep,stage_1,sleep stage code,,,,,,,,,,,,ordinal,P-DOC,Trend Types Sleep-Wake.md; stage codes 0-5
,,,,,,,,,,209,I148_1,148,1,"Sleep-Wake Stage Indeterminate (yellow=wake; green-blue=N1; light blue=N2; dark blue=N3; ornage=REM; black=indeterminate), SleepStages",= 0 <0> [SleepStages],sleep_stage_0,sleep,stage_0,sleep stage code,,,,,,,,,,,,ordinal,P-DOC,Trend Types Sleep-Wake.md; stage codes 0-5
,,,,,,,,,,210,I149_1,149,1,"Sleep-Wake Stage N1 (yellow=wake; green-blue=N1; light blue=N2; dark blue=N3; ornage=REM; black=indeterminate), SleepStages",= 3 <0> [SleepStages],sleep_stage_3,sleep,stage_3,sleep stage code,,,,,,,,,,,,ordinal,P-DOC,Trend Types Sleep-Wake.md; stage codes 0-5
,,,,,,,,,,211,I150_1,150,1,"Sleep-Wake Stage Wake (yellow=wake; green-blue=N1; light blue=N2; dark blue=N3; ornage=REM; black=indeterminate), SleepStages",= 5 <0> [SleepStages],sleep_stage_5,sleep,stage_5,sleep stage code,,,,,,,,,,,,ordinal,P-DOC,Trend Types Sleep-Wake.md; stage codes 0-5
,,,,,,,,,,212,I151_1,151,1,"Sleep-Wake Stage REM (yellow=wake; green-blue=N1; light blue=N2; dark blue=N3; ornage=REM; black=indeterminate), SleepStages",= 4 <0> [SleepStages],sleep_stage_4,sleep,stage_4,sleep stage code,,,,,,,,,,,,ordinal,P-DOC,Trend Types Sleep-Wake.md; stage codes 0-5
,,,,,,,,,,213,I152_1,152,1,"Sleep-Wake Stage N2 (yellow=wake; green-blue=N1; light blue=N2; dark blue=N3; ornage=REM; black=indeterminate), SleepStages",= 2 <0> [SleepStages],sleep_stage_2,sleep,stage_2,sleep stage code,,,,,,,,,,,,ordinal,P-DOC,Trend Types Sleep-Wake.md; stage codes 0-5
,,,,,,,,,,214,I153_1,153,1,"Sleep-Wake State (yellow=wake; blue=sleep; black=indeterminate), [SleepStages]",ColorScaledBars,sleep_wake_state,sleep,wake_state,sleep stage code,,,,,,,,,,,,ordinal,P-DOC,Trend Types Sleep-Wake.md; stage codes 0-5
128.0,,,,,,,,,,215,I154_1,154,1,Spike Burst Detections,"EventDensity SpikeBurst <Detector,Count_overlap>",spike_burst,spike_density,burst,spikes/sec,,,,,,,,SpikeDensityV101,1.0,1.0,1,ordinal,P-DOC,Trend Types Spike Density.md; EventDensity 10 s epochs
128.0,,,,,,,,,,216,I155_1,155,1,Spike Detections generalized (count per 10s),"EventDensity SpikeGen <Detector,Count_epoch>",spike_generalized_per_10s,spike_density,generalized,spikes/sec,,,,,,,,SpikeDensityV101,1.0,1.0,1,ordinal,P-DOC,Trend Types Spike Density.md; EventDensity 10 s epochs
128.0,,,,,,,,,,217,I156_1,156,1,Spike Detections generalized (count per sec),"EventDensity SpikeGen <Detector,Count_epoch>01",spike_generalized_per_sec,spike_density,generalized,spikes/sec,,,,,,,,SpikeDensityV101,1.0,1.0,1,ordinal,P-DOC,Trend Types Spike Density.md; EventDensity 10 s epochs
128.0,,,,,,,,,,218,I157_1,157,1,Spike Detections left hemisphere (count per 10 sec),"EventDensity Spike F3 OR Spike Fp1 OR Spike FP1 OR Spike C3 OR Spike P3 OR Spike O1 OR Spike F7 OR Spike T7 OR Spike P7 <Detector,Count_epoch>",spike_left_per_10s,spike_density,left,spikes/sec,,,,,,,,SpikeDensityV101,1.0,1.0,1,ordinal,P-DOC,Trend Types Spike Density.md; EventDensity 10 s epochs
128.0,,,,,,,,,,219,I158_1,158,1,Spike Detections left hemisphere (count per sec),"EventDensity Spike Fp1 OR Spike FP1 OR Spike F3 OR Spike C3 OR Spike P3 OR Spike O1 OR Spike F7 OR Spike T7 OR Spike P7 <Detector,Count_epoch>",spike_left_per_sec,spike_density,left,spikes/sec,,,,,,,,SpikeDensityV101,1.0,1.0,1,ordinal,P-DOC,Trend Types Spike Density.md; EventDensity 10 s epochs
128.0,,,,,,,,,,220,I159_1,159,1,Spike Detections right hemisphere (count per 10 sec),"EventDensity Spike F4 OR Spike Fp2 OR Spike FP2 OR Spike C4 OR Spike P4 OR Spike O2 OR Spike F8 OR Spike T8 OR Spike P8 <Detector,Count_epoch>",spike_right_per_10s,spike_density,right,spikes/sec,,,,,,,,SpikeDensityV101,1.0,1.0,1,ordinal,P-DOC,Trend Types Spike Density.md; EventDensity 10 s epochs
128.0,,,,,,,,,,221,I160_1,160,1,Spike Detections right hemisphere (count per sec),"EventDensity Spike Fp2 OR Spike FP2 OR Spike F4 OR Spike C4 OR Spike P4 OR Spike O2 OR Spike F8 OR Spike T8 OR Spike P8 <Detector,Count_epoch>",spike_right_per_sec,spike_density,right,spikes/sec,,,,,,,,SpikeDensityV101,1.0,1.0,1,ordinal,P-DOC,Trend Types Spike Density.md; EventDensity 10 s epochs
128.0,,,,,,,,,,222,I161_1,161,1,Spike Detections vertex (count per sec),"EventDensity Spike Fz OR Spike FZ OR Spike Cz OR Spike CZ OR Spike Pz OR Spike PZ <Detector,Count_epoch>",spike_vertex_per_sec,spike_density,vertex_per_sec,spikes/sec,,,,,,,,SpikeDensityV101,1.0,1.0,1,ordinal,P-DOC,Trend Types Spike Density.md; EventDensity 10 s epochs
128.0,,,,,,,,,,223,I162_1,162,1,"Spike Detections, all foci (count per sec)",SpikeDensityV1,spike_all_foci_per_sec,spike_density,all_foci_per_sec,spikes/sec,,,,,,,,SpikeDensityV101,1.0,1.0,1,ordinal,P-DOC,Trend Types Spike Density.md; EventDensity 10 s epochs
128.0,,,,,,,,,,224,I163_1,163,1,"Spike Rate Threshold, right hemisphere >=3 per 10 sec, Spike Detections right hemisphere (count per 10 sec)",">= 3 <0> [EventDensity Spike F4 OR Spike Fp2 OR Spike FP2 OR Spike C4 OR Spike P4 OR Spike O2 OR Spike F8 OR Spike T8 OR Spike P8 <Detector,Count_epoch>]",spike_right_threshold_per_10s,spike_density,right_threshold,spikes/sec,,,,,,,,SpikeDensityV101,1.0,1.0,1,ordinal,P-DOC,Trend Types Spike Density.md; EventDensity 10 s epochs
128.0,,,,,,,,,,225,I164_1,164,1,"Spike RateThreshold, generalized >=3 per 10 sec, Spike Detections generalized (count per sec)",">= 3 <0> [EventDensity SpikeGen <Detector,Count_epoch>01]",spike_generalized_threshold_per_sec,spike_density,generalized_threshold,spikes/sec,,,,,,,,SpikeDensityV101,1.0,1.0,1,ordinal,P-DOC,Trend Types Spike Density.md; EventDensity 10 s epochs
128.0,,,,,,,,,,226,I165_1,165,1,"Spike RateThreshold, left hemisphere >=3 per 10 sec, Spike Detections left hemisphere (count per 10 sec)",">= 3 <0> [EventDensity Spike F3 OR Spike Fp1 OR Spike FP1 OR Spike C3 OR Spike P3 OR Spike O1 OR Spike F7 OR Spike T7 OR Spike P7 <Detector,Count_epoch>]",spike_left_threshold_per_10s,spike_density,left_threshold,spikes/sec,,,,,,,,SpikeDensityV101,1.0,1.0,1,ordinal,P-DOC,Trend Types Spike Density.md; EventDensity 10 s epochs
128.0,,,,,,,,,,227,I166_1,166,1,"Spikes >=3 per ten seconds L&R (blue=left, red=right, yellow=L&R)","[>= 3 <0> [EventDensity Spike F3 OR Spike Fp1 OR Spike FP1 OR Spike C3 OR Spike P3 OR Spike O1 OR Spike F7 OR Spike T7 OR Spike P7 <Detector,Count_epoch>]] AND [>= 3 <0> [EventDensity Spike F4 OR Spike Fp2 OR Spike FP2 OR Spike C4 OR Spike P4 OR Spike O2 OR Spike F8 OR Spike T8 OR Spike P8 <Detector,Count_epoch>]]",spike_bilateral_indicator_per_10s,spike_density,bilateral_indicator,spikes/sec,,,,,,,,SpikeDensityV101,1.0,1.0,1,ordinal,P-DOC,Trend Types Spike Density.md; EventDensity 10 s epochs
128.0,,,,,,,,,,228,I167_1,167,1,"Spikes >=3 per ten seconds right (blue=left, red=right, yellow=L&R)","[>= 3 <0> [EventDensity Spike F4 OR Spike Fp2 OR Spike FP2 OR Spike C4 OR Spike P4 OR Spike O2 OR Spike F8 OR Spike T8 OR Spike P8 <Detector,Count_epoch>]] AND NOT[>= 3 <0> [EventDensity Spike F3 OR Spike Fp1 OR Spike FP1 OR Spike C3 OR Spike P3 OR Spike O1 OR Spike F7 OR Spike T7 OR Spike P7 <Detector,Count_epoch>]]",spike_right_indicator_per_10s,spike_density,right_indicator,spikes/sec,,,,,,,,SpikeDensityV101,1.0,1.0,1,ordinal,P-DOC,Trend Types Spike Density.md; EventDensity 10 s epochs
128.0,,,,,,,,,,229,I168_1,168,1,"Spikes >=3 per ten seconds left (blue=left, red=right, yellow=L&R, green=generalized)","[>= 3 <0> [EventDensity Spike F3 OR Spike Fp1 OR Spike FP1 OR Spike C3 OR Spike P3 OR Spike O1 OR Spike F7 OR Spike T7 OR Spike P7 <Detector,Count_epoch>]] AND NOT[>= 3 <0> [EventDensity Spike F4 OR Spike Fp2 OR Spike FP2 OR Spike C4 OR Spike P4 OR Spike O2 OR Spike F8 OR Spike T8 OR Spike P8 <Detector,Count_epoch>]]",spike_left_indicator_per_10s,spike_density,left_indicator,spikes/sec,,,,,,,,SpikeDensityV101,1.0,1.0,1,ordinal,P-DOC,Trend Types Spike Density.md; EventDensity 10 s epochs
128.0,,,,,,,,,,230,I169_1,169,1,"Spikes >=3 per ten seconds generalized (blue=left, red=right, yellow=L&R, green=generalized)","[>= 3 <0> [EventDensity SpikeGen <Detector,Count_epoch>01]] AND [>= 3 <0> [EventDensity SpikeGen <Detector,Count_epoch>01]]",spike_generalized_indicator_per_10s,spike_density,generalized_indicator,spikes/sec,,,,,,,,SpikeDensityV101,1.0,1.0,1,ordinal,P-DOC,Trend Types Spike Density.md; EventDensity 10 s epochs
128.0,,,,,,,,,,231,I170_1,170,1,"SumValues LA delta freq, Rhythmicity Spectrogram FreqPow LA , 1 - 25 Hz, Left Anterior",SumValues_Abs_0-0 [Rhythmicity Spectrogram 3.00 Left Anterior_avg],rhythmicity_sum_left_anterior_delta_freq,rhythmicity,,rhythmicity index,,,1.0,25.0,left,anterior,,RhythmicityEngine01,3.0,2.0,2,ordinal,P-COMM,"Mike 2026-08-21: bands 1-4, 4-9, 9-16, 16-25 Hz (fixed)"
128.0,,,,,,,,,,232,I171_1,171,1,"SumValues LA delta power, Rhythmicity Spectrogram FreqPow LA , 1 - 25 Hz, Left Anterior",SumValues_Abs_2-2 [Rhythmicity Spectrogram 3.00 Left Anterior_avg],rhythmicity_sum_left_anterior_delta_power,rhythmicity,,rhythmicity index,,,1.0,25.0,left,anterior,,RhythmicityEngine01,3.0,2.0,2,ordinal,P-COMM,"Mike 2026-08-21: bands 1-4, 4-9, 9-16, 16-25 Hz (fixed)"
128.0,,,,,,,,,,233,I172_1,172,1,"SumValues LP delta freq, Rhythmicity Spectrogram FreqPow LP , 1 - 25 Hz, Left Posterior",SumValues_Abs_0-0 [Rhythmicity Spectrogram 3.00 Left Posterior_avg],rhythmicity_sum_left_posterior_delta_freq,rhythmicity,,rhythmicity index,,,1.0,25.0,left,posterior,,RhythmicityEngine01,3.0,2.0,2,ordinal,P-COMM,"Mike 2026-08-21: bands 1-4, 4-9, 9-16, 16-25 Hz (fixed)"
128.0,,,,,,,,,,234,I173_1,173,1,"SumValues LP delta power, Rhythmicity Spectrogram FreqPow LP , 1 - 25 Hz, Left Posterior",SumValues_Abs_2-2 [Rhythmicity Spectrogram 3.00 Left Posterior_avg],rhythmicity_sum_left_posterior_delta_power,rhythmicity,,rhythmicity index,,,1.0,25.0,left,posterior,,RhythmicityEngine01,3.0,2.0,2,ordinal,P-COMM,"Mike 2026-08-21: bands 1-4, 4-9, 9-16, 16-25 Hz (fixed)"
128.0,,,,,,,,,,235,I174_1,174,1,"SumValues RA delta freq, Rhythmicity Spectrogram FreqPow RA , 1 - 25 Hz, Right Anterior",SumValues_Abs_0-0 [Rhythmicity Spectrogram 3.00 Right Anterior_avg],rhythmicity_sum_right_anterior_delta_freq,rhythmicity,,rhythmicity index,,,1.0,25.0,right,anterior,,RhythmicityEngine01,3.0,2.0,2,ordinal,P-COMM,"Mike 2026-08-21: bands 1-4, 4-9, 9-16, 16-25 Hz (fixed)"
128.0,,,,,,,,,,236,I175_1,175,1,"SumValues RA delta power, Rhythmicity Spectrogram FreqPow RA , 1 - 25 Hz, Right Anterior",SumValues_Abs_2-2 [Rhythmicity Spectrogram 3.00 Right Anterior_avg],rhythmicity_sum_right_anterior_delta_power,rhythmicity,,rhythmicity index,,,1.0,25.0,right,anterior,,RhythmicityEngine01,3.0,2.0,2,ordinal,P-COMM,"Mike 2026-08-21: bands 1-4, 4-9, 9-16, 16-25 Hz (fixed)"
128.0,,,,,,,,,,237,I176_1,176,1,"SumValues RP delta freq, Rhythmicity Spectrogram FreqPow RP, 1 - 25 Hz, Right Posterior",SumValues_Abs_0-0 [Rhythmicity Spectrogram 3.00 Right Posterior_avg],rhythmicity_sum_right_posterior_delta_freq,rhythmicity,,rhythmicity index,,,1.0,25.0,right,posterior,,RhythmicityEngine01,3.0,2.0,2,ordinal,P-COMM,"Mike 2026-08-21: bands 1-4, 4-9, 9-16, 16-25 Hz (fixed)"
128.0,,,,,,,,,,238,I177_1,177,1,"SumValues RP delta power, Rhythmicity Spectrogram FreqPow RP, 1 - 25 Hz, Right Posterior",SumValues_Abs_2-2 [Rhythmicity Spectrogram 3.00 Right Posterior_avg],rhythmicity_sum_right_posterior_delta_power,rhythmicity,,rhythmicity index,,,1.0,25.0,right,posterior,,RhythmicityEngine01,3.0,2.0,2,ordinal,P-COMM,"Mike 2026-08-21: bands 1-4, 4-9, 9-16, 16-25 Hz (fixed)"
128.0,,,,,,,,,,239,I178_1,178,1,"Suppression Ratio, All 10-20",BSR All 10-20_avg,suppression_all,suppression_ratio,,% (0–100),,,,,,,,Amplitude01,10.0,10.0,10,ordinal,P-DOC,Trend Type Suppression Ratio.md; 60 s running average
128.0,,,,,,,,,,240,I179_1,179,1,"Suppression Ratio, Left Anterior",BSR Left Anterior_avg,suppression_left_anterior,suppression_ratio,,% (0–100),,,,,left,anterior,,Amplitude01,10.0,10.0,10,ordinal,P-DOC,Trend Type Suppression Ratio.md; 60 s running average
128.0,,,,,,,,,,241,I180_1,180,1,"Suppression Ratio, Left Hemisphere",BSR Left Hemisphere_avg,suppression_left,suppression_ratio,,% (0–100),,,,,left,hemisphere,,Amplitude01,10.0,10.0,10,ordinal,P-DOC,Trend Type Suppression Ratio.md; 60 s running average
128.0,,,,,,,,,,242,I181_1,181,1,"Suppression Ratio, Left Posterior",BSR Left Posterior_avg,suppression_left_posterior,suppression_ratio,,% (0–100),,,,,left,posterior,,Amplitude01,10.0,10.0,10,ordinal,P-DOC,Trend Type Suppression Ratio.md; 60 s running average
128.0,,,,,,,,,,243,I182_1,182,1,"Suppression Ratio, Right Anterior",BSR Right Anterior_avg,suppression_right_anterior,suppression_ratio,,% (0–100),,,,,right,anterior,,Amplitude01,10.0,10.0,10,ordinal,P-DOC,Trend Type Suppression Ratio.md; 60 s running average
128.0,,,,,,,,,,244,I183_1,183,1,"Suppression Ratio, Right Hemisphere",BSR Right Hemisphere_avg,suppression_right,suppression_ratio,,% (0–100),,,,,right,hemisphere,,Amplitude01,10.0,10.0,10,ordinal,P-DOC,Trend Type Suppression Ratio.md; 60 s running average
128.0,,,,,,,,,,245,I184_1,184,1,"Suppression Ratio, Right Posterior",BSR Right Posterior_avg,suppression_right_posterior,suppression_ratio,,% (0–100),,,,,right,posterior,,Amplitude01,10.0,10.0,10,ordinal,P-DOC,Trend Type Suppression Ratio.md; 60 s running average
128.0,,,,,,,,,,246,I185_1,185,1,"Suppression Ratio, Anterior",BSR Anterior_avg,suppression_anterior,suppression_ratio,,% (0–100),,,,,,anterior,,Amplitude01,10.0,10.0,10,ordinal,P-DOC,Trend Type Suppression Ratio.md; 60 s running average
128.0,,,,,,,,,,247,I186_1,186,1,"Suppression Ratio, Posterior",BSR Posterior_avg,suppression_posterior,suppression_ratio,,% (0–100),,,,,,posterior,,Amplitude01,10.0,10.0,10,ordinal,P-DOC,Trend Type Suppression Ratio.md; 60 s running average
128.0,,,,,,,,,,248,I187_1,187,1,"Threshold LAD>=1.1Hz, SumValues LA delta freq, [Rhythmicity Spectrogram 3.00 Left Anterior_avg]",>= 1.1 <0> [SumValues_Abs_0-0 [Rhythmicity Spectrogram 3.00 Left Anterior_avg]],rhythmicity_thresh_left_anterior_lad_gte_1_1hz,rhythmicity,,rhythmicity index,,,0.875,1.125,left,anterior,,RhythmicityEngine01,3.0,2.0,2,ordinal,P-COMM,"Mike 2026-08-21: bands 1-4, 4-9, 9-16, 16-25 Hz (fixed)"
128.0,,,,,,,,,,249,I188_1,188,1,"Threshold LAD>=5uV/Hz, SumValues LA delta power, [Rhythmicity Spectrogram 3.00 Left Anterior_avg]",>= 5 <0> [SumValues_Abs_2-2 [Rhythmicity Spectrogram 3.00 Left Anterior_avg]],rhythmicity_thresh_left_anterior_lad_gte_5uv_hz,rhythmicity,,rhythmicity index,,,0.875,1.125,left,anterior,,RhythmicityEngine01,3.0,2.0,2,ordinal,P-COMM,"Mike 2026-08-21: bands 1-4, 4-9, 9-16, 16-25 Hz (fixed)"
128.0,,,,,,,,,,250,I189_1,189,1,"Threshold LPD>=1.1Hz, SumValues LP delta freq, [Rhythmicity Spectrogram 3.00 Left Posterior_avg]",>= 1.1 <0> [SumValues_Abs_0-0 [Rhythmicity Spectrogram 3.00 Left Posterior_avg]],rhythmicity_thresh_left_posterior_lpd_gte_1_1hz,rhythmicity,,rhythmicity index,,,0.875,1.125,left,posterior,,RhythmicityEngine01,3.0,2.0,2,ordinal,P-COMM,"Mike 2026-08-21: bands 1-4, 4-9, 9-16, 16-25 Hz (fixed)"
128.0,,,,,,,,,,251,I190_1,190,1,"Threshold LPD>=5uV/Hz, SumValues LP delta power, [Rhythmicity Spectrogram 3.00 Left Posterior_avg]",>= 5 <0> [SumValues_Abs_2-2 [Rhythmicity Spectrogram 3.00 Left Posterior_avg]],rhythmicity_thresh_left_posterior_lpd_gte_5uv_hz,rhythmicity,,rhythmicity index,,,0.875,1.125,left,posterior,,RhythmicityEngine01,3.0,2.0,2,ordinal,P-COMM,"Mike 2026-08-21: bands 1-4, 4-9, 9-16, 16-25 Hz (fixed)"
128.0,,,,,,,,,,252,I191_1,191,1,"Threshold RAD>=1.1Hz, SumValues RA delta freq, [Rhythmicity Spectrogram 3.00 Right Anterior_avg]",>= 1.1 <0> [SumValues_Abs_0-0 [Rhythmicity Spectrogram 3.00 Right Anterior_avg]],rhythmicity_thresh_right_anterior_rad_gte_1_1hz,rhythmicity,,rhythmicity index,,,0.875,1.125,right,anterior,,RhythmicityEngine01,3.0,2.0,2,ordinal,P-COMM,"Mike 2026-08-21: bands 1-4, 4-9, 9-16, 16-25 Hz (fixed)"
128.0,,,,,,,,,,253,I192_1,192,1,"Threshold RAD>=5uV/Hz, SumValues RA delta power, [Rhythmicity Spectrogram 3.00 Right Anterior_avg]",>= 5 <0> [SumValues_Abs_2-2 [Rhythmicity Spectrogram 3.00 Right Anterior_avg]],rhythmicity_thresh_right_anterior_rad_gte_5uv_hz,rhythmicity,,rhythmicity index,,,0.875,1.125,right,anterior,,RhythmicityEngine01,3.0,2.0,2,ordinal,P-COMM,"Mike 2026-08-21: bands 1-4, 4-9, 9-16, 16-25 Hz (fixed)"
128.0,,,,,,,,,,254,I193_1,193,1,"Threshold RPD>=1.1Hz, SumValues RP delta freq, [Rhythmicity Spectrogram 3.00 Right Posterior_avg]",>= 1.1 <0> [SumValues_Abs_0-0 [Rhythmicity Spectrogram 3.00 Right Posterior_avg]],rhythmicity_thresh_right_posterior_rpd_gte_1_1hz,rhythmicity,,rhythmicity index,,,0.875,1.125,right,posterior,,RhythmicityEngine01,3.0,2.0,2,ordinal,P-COMM,"Mike 2026-08-21: bands 1-4, 4-9, 9-16, 16-25 Hz (fixed)"
128.0,,,,,,,,,,255,I194_1,194,1,"Threshold RPD>=5uV/Hz, SumValues RP delta power, [Rhythmicity Spectrogram 3.00 Right Posterior_avg]",>= 5 <0> [SumValues_Abs_2-2 [Rhythmicity Spectrogram 3.00 Right Posterior_avg]],rhythmicity_thresh_right_posterior_rpd_gte_5uv_hz,rhythmicity,,rhythmicity index,,,0.875,1.125,right,posterior,,RhythmicityEngine01,3.0,2.0,2,ordinal,P-COMM,"Mike 2026-08-21: bands 1-4, 4-9, 9-16, 16-25 Hz (fixed)"
64.0,0.5,2.0,4,128,3,,,,yes,256,I195_1,195,1,"Relative Alpha, 8-13/1-30 Hz, All 10-20",FFT_PowerRatio 8-13//1-30 All 10-20_avg,rel_alpha_all,relative_power,,band/broadband ratio of µV amplitudes (dimensionless); clamped at Ratio Max 10. NOT conventional relative power (band power ÷ total power) — equals its square root.,uV,alpha,8.0,13.0,,,,FFTEngine01,4.0,8.0,8,ordinal,MMX,"band/1-30 Hz ratio of uV amplitude, not conventional rel power"
64.0,0.5,2.0,4,128,3,,,,yes,257,I196_1,196,1,"Relative Alpha, 8-13/1-30 Hz, Anterior",FFT_PowerRatio 8-13//1-30 Anterior_avg,rel_alpha_anterior,relative_power,,band/broadband ratio of µV amplitudes (dimensionless); clamped at Ratio Max 10. NOT conventional relative power (band power ÷ total power) — equals its square root.,uV,alpha,8.0,13.0,,anterior,,FFTEngine01,4.0,8.0,8,ordinal,MMX,"band/1-30 Hz ratio of uV amplitude, not conventional rel power"
64.0,0.5,2.0,4,128,3,,,,yes,258,I197_1,197,1,"Relative Alpha, 8-13/1-30 Hz, Left Anterior",FFT_PowerRatio 8-13//1-30 Left Anterior_avg,rel_alpha_left_anterior,relative_power,,band/broadband ratio of µV amplitudes (dimensionless); clamped at Ratio Max 10. NOT conventional relative power (band power ÷ total power) — equals its square root.,uV,alpha,8.0,13.0,left,anterior,,FFTEngine01,4.0,8.0,8,ordinal,MMX,"band/1-30 Hz ratio of uV amplitude, not conventional rel power"
64.0,0.5,2.0,4,128,3,,,,yes,259,I198_1,198,1,"Relative Alpha, 8-13/1-30 Hz, Left Hemisphere",FFT_PowerRatio 8-13//1-30 Left Hemisphere_avg,rel_alpha_left_hemisphere,relative_power,,band/broadband ratio of µV amplitudes (dimensionless); clamped at Ratio Max 10. NOT conventional relative power (band power ÷ total power) — equals its square root.,uV,alpha,8.0,13.0,left,hemisphere,,FFTEngine01,4.0,8.0,8,ordinal,MMX,"band/1-30 Hz ratio of uV amplitude, not conventional rel power"
64.0,0.5,2.0,4,128,3,,,,yes,260,I199_1,199,1,"Relative Alpha, 8-13/1-30 Hz, Left Posterior",FFT_PowerRatio 8-13//1-30 Left Posterior_avg,rel_alpha_left_posterior,relative_power,,band/broadband ratio of µV amplitudes (dimensionless); clamped at Ratio Max 10. NOT conventional relative power (band power ÷ total power) — equals its square root.,uV,alpha,8.0,13.0,left,posterior,,FFTEngine01,4.0,8.0,8,ordinal,MMX,"band/1-30 Hz ratio of uV amplitude, not conventional rel power"
64.0,0.5,2.0,4,128,3,,,,yes,261,I200_1,200,1,"Relative Alpha, 8-13/1-30 Hz, Posterior",FFT_PowerRatio 8-13//1-30 Posterior_avg,rel_alpha_posterior,relative_power,,band/broadband ratio of µV amplitudes (dimensionless); clamped at Ratio Max 10. NOT conventional relative power (band power ÷ total power) — equals its square root.,uV,alpha,8.0,13.0,,posterior,,FFTEngine01,4.0,8.0,8,ordinal,MMX,"band/1-30 Hz ratio of uV amplitude, not conventional rel power"
64.0,0.5,2.0,4,128,3,,,,yes,262,I201_1,201,1,"Relative Alpha, 8-13/1-30 Hz, Right Anterior",FFT_PowerRatio 8-13//1-30 Right Anterior_avg,rel_alpha_right_anterior,relative_power,,band/broadband ratio of µV amplitudes (dimensionless); clamped at Ratio Max 10. NOT conventional relative power (band power ÷ total power) — equals its square root.,uV,alpha,8.0,13.0,right,anterior,,FFTEngine01,4.0,8.0,8,ordinal,MMX,"band/1-30 Hz ratio of uV amplitude, not conventional rel power"
64.0,0.5,2.0,4,128,3,,,,yes,263,I202_1,202,1,"Relative Alpha, 8-13/1-30 Hz, Right Hemisphere",FFT_PowerRatio 8-13//1-30 Right Hemisphere_avg,rel_alpha_right_hemisphere,relative_power,,band/broadband ratio of µV amplitudes (dimensionless); clamped at Ratio Max 10. NOT conventional relative power (band power ÷ total power) — equals its square root.,uV,alpha,8.0,13.0,right,hemisphere,,FFTEngine01,4.0,8.0,8,ordinal,MMX,"band/1-30 Hz ratio of uV amplitude, not conventional rel power"
64.0,0.5,2.0,4,128,3,,,,yes,264,I203_1,203,1,"Relative Alpha, 8-13/1-30 Hz, Right Posterior",FFT_PowerRatio 8-13//1-30 Right Posterior_avg,rel_alpha_right_posterior,relative_power,,band/broadband ratio of µV amplitudes (dimensionless); clamped at Ratio Max 10. NOT conventional relative power (band power ÷ total power) — equals its square root.,uV,alpha,8.0,13.0,right,posterior,,FFTEngine01,4.0,8.0,8,ordinal,MMX,"band/1-30 Hz ratio of uV amplitude, not conventional rel power"
64.0,0.5,2.0,4,128,3,,,,yes,265,I204_1,204,1,"Relative Beta, 13-30/1-30 Hz, All 10-20",FFT_PowerRatio 13-30//1-30 All 10-20_avg,rel_beta_wide_all,relative_power,,band/broadband ratio of µV amplitudes (dimensionless); clamped at Ratio Max 10. NOT conventional relative power (band power ÷ total power) — equals its square root.,uV,beta_wide,13.0,30.0,,,,FFTEngine01,4.0,8.0,8,ordinal,MMX,"band/1-30 Hz ratio of uV amplitude, not conventional rel power"
64.0,0.5,2.0,4,128,3,,,,yes,266,I205_1,205,1,"Relative Beta, 13-30/1-30 Hz, Anterior",FFT_PowerRatio 13-30//1-30 Anterior_avg,rel_beta_wide_anterior,relative_power,,band/broadband ratio of µV amplitudes (dimensionless); clamped at Ratio Max 10. NOT conventional relative power (band power ÷ total power) — equals its square root.,uV,beta_wide,13.0,30.0,,anterior,,FFTEngine01,4.0,8.0,8,ordinal,MMX,"band/1-30 Hz ratio of uV amplitude, not conventional rel power"
64.0,0.5,2.0,4,128,3,,,,yes,267,I206_1,206,1,"Relative Beta, 13-30/1-30 Hz, Left Anterior",FFT_PowerRatio 13-30//1-30 Left Anterior_avg,rel_beta_wide_left_anterior,relative_power,,band/broadband ratio of µV amplitudes (dimensionless); clamped at Ratio Max 10. NOT conventional relative power (band power ÷ total power) — equals its square root.,uV,beta_wide,13.0,30.0,left,anterior,,FFTEngine01,4.0,8.0,8,ordinal,MMX,"band/1-30 Hz ratio of uV amplitude, not conventional rel power"
64.0,0.5,2.0,4,128,3,,,,yes,268,I207_1,207,1,"Relative Beta, 13-30/1-30 Hz, Left Hemisphere",FFT_PowerRatio 13-30//1-30 Left Hemisphere_avg,rel_beta_wide_left_hemisphere,relative_power,,band/broadband ratio of µV amplitudes (dimensionless); clamped at Ratio Max 10. NOT conventional relative power (band power ÷ total power) — equals its square root.,uV,beta_wide,13.0,30.0,left,hemisphere,,FFTEngine01,4.0,8.0,8,ordinal,MMX,"band/1-30 Hz ratio of uV amplitude, not conventional rel power"
64.0,0.5,2.0,4,128,3,,,,yes,269,I208_1,208,1,"Relative Beta, 13-30/1-30 Hz, Left Posterior",FFT_PowerRatio 13-30//1-30 Left Posterior_avg,rel_beta_wide_left_posterior,relative_power,,band/broadband ratio of µV amplitudes (dimensionless); clamped at Ratio Max 10. NOT conventional relative power (band power ÷ total power) — equals its square root.,uV,beta_wide,13.0,30.0,left,posterior,,FFTEngine01,4.0,8.0,8,ordinal,MMX,"band/1-30 Hz ratio of uV amplitude, not conventional rel power"
64.0,0.5,2.0,4,128,3,,,,yes,270,I209_1,209,1,"Relative Beta, 13-30/1-30 Hz, Posterior",FFT_PowerRatio 13-30//1-30 Posterior_avg,rel_beta_wide_posterior,relative_power,,band/broadband ratio of µV amplitudes (dimensionless); clamped at Ratio Max 10. NOT conventional relative power (band power ÷ total power) — equals its square root.,uV,beta_wide,13.0,30.0,,posterior,,FFTEngine01,4.0,8.0,8,ordinal,MMX,"band/1-30 Hz ratio of uV amplitude, not conventional rel power"
64.0,0.5,2.0,4,128,3,,,,yes,271,I210_1,210,1,"Relative Beta, 13-30/1-30 Hz, Right Anterior",FFT_PowerRatio 13-30//1-30 Right Anterior_avg,rel_beta_wide_right_anterior,relative_power,,band/broadband ratio of µV amplitudes (dimensionless); clamped at Ratio Max 10. NOT conventional relative power (band power ÷ total power) — equals its square root.,uV,beta_wide,13.0,30.0,right,anterior,,FFTEngine01,4.0,8.0,8,ordinal,MMX,"band/1-30 Hz ratio of uV amplitude, not conventional rel power"
64.0,0.5,2.0,4,128,3,,,,yes,272,I211_1,211,1,"Relative Beta, 13-30/1-30 Hz, Right Hemisphere",FFT_PowerRatio 13-30//1-30 Right Hemisphere_avg,rel_beta_wide_right_hemisphere,relative_power,,band/broadband ratio of µV amplitudes (dimensionless); clamped at Ratio Max 10. NOT conventional relative power (band power ÷ total power) — equals its square root.,uV,beta_wide,13.0,30.0,right,hemisphere,,FFTEngine01,4.0,8.0,8,ordinal,MMX,"band/1-30 Hz ratio of uV amplitude, not conventional rel power"
64.0,0.5,2.0,4,128,3,,,,yes,273,I212_1,212,1,"Relative Beta, 13-30/1-30 Hz, Right Posterior",FFT_PowerRatio 13-30//1-30 Right Posterior_avg,rel_beta_wide_right_posterior,relative_power,,band/broadband ratio of µV amplitudes (dimensionless); clamped at Ratio Max 10. NOT conventional relative power (band power ÷ total power) — equals its square root.,uV,beta_wide,13.0,30.0,right,posterior,,FFTEngine01,4.0,8.0,8,ordinal,MMX,"band/1-30 Hz ratio of uV amplitude, not conventional rel power"
64.0,0.5,2.0,4,128,3,,,,yes,274,I213_1,213,1,"Relative Delta, 1-4/1-30 Hz, All 10-20",FFT_PowerRatio 1-4//1-30 All 10-20_avg,rel_delta_all,relative_power,,band/broadband ratio of µV amplitudes (dimensionless); clamped at Ratio Max 10. NOT conventional relative power (band power ÷ total power) — equals its square root.,uV,delta,1.0,4.0,,,,FFTEngine01,4.0,8.0,8,ordinal,MMX,"band/1-30 Hz ratio of uV amplitude, not conventional rel power"
64.0,0.5,2.0,4,128,3,,,,yes,275,I214_1,214,1,"Relative Delta, 1-4/1-30 Hz, Anterior",FFT_PowerRatio 1-4//1-30 Anterior_avg,rel_delta_anterior,relative_power,,band/broadband ratio of µV amplitudes (dimensionless); clamped at Ratio Max 10. NOT conventional relative power (band power ÷ total power) — equals its square root.,uV,delta,1.0,4.0,,anterior,,FFTEngine01,4.0,8.0,8,ordinal,MMX,"band/1-30 Hz ratio of uV amplitude, not conventional rel power"
64.0,0.5,2.0,4,128,3,,,,yes,276,I215_1,215,1,"Relative Delta, 1-4/1-30 Hz, Left Anterior",FFT_PowerRatio 1-4//1-30 Left Anterior_avg,rel_delta_left_anterior,relative_power,,band/broadband ratio of µV amplitudes (dimensionless); clamped at Ratio Max 10. NOT conventional relative power (band power ÷ total power) — equals its square root.,uV,delta,1.0,4.0,left,anterior,,FFTEngine01,4.0,8.0,8,ordinal,MMX,"band/1-30 Hz ratio of uV amplitude, not conventional rel power"
64.0,0.5,2.0,4,128,3,,,,yes,277,I216_1,216,1,"Relative Delta, 1-4/1-30 Hz, Left Hemisphere",FFT_PowerRatio 1-4//1-30 Left Hemisphere_avg,rel_delta_left_hemisphere,relative_power,,band/broadband ratio of µV amplitudes (dimensionless); clamped at Ratio Max 10. NOT conventional relative power (band power ÷ total power) — equals its square root.,uV,delta,1.0,4.0,left,hemisphere,,FFTEngine01,4.0,8.0,8,ordinal,MMX,"band/1-30 Hz ratio of uV amplitude, not conventional rel power"
64.0,0.5,2.0,4,128,3,,,,yes,278,I217_1,217,1,"Relative Delta, 1-4/1-30 Hz, Left Posterior",FFT_PowerRatio 1-4//1-30 Left Posterior_avg,rel_delta_left_posterior,relative_power,,band/broadband ratio of µV amplitudes (dimensionless); clamped at Ratio Max 10. NOT conventional relative power (band power ÷ total power) — equals its square root.,uV,delta,1.0,4.0,left,posterior,,FFTEngine01,4.0,8.0,8,ordinal,MMX,"band/1-30 Hz ratio of uV amplitude, not conventional rel power"
64.0,0.5,2.0,4,128,3,,,,yes,279,I218_1,218,1,"Relative Delta, 1-4/1-30 Hz, Posterior",FFT_PowerRatio 1-4//1-30 Posterior_avg,rel_delta_posterior,relative_power,,band/broadband ratio of µV amplitudes (dimensionless); clamped at Ratio Max 10. NOT conventional relative power (band power ÷ total power) — equals its square root.,uV,delta,1.0,4.0,,posterior,,FFTEngine01,4.0,8.0,8,ordinal,MMX,"band/1-30 Hz ratio of uV amplitude, not conventional rel power"
64.0,0.5,2.0,4,128,3,,,,yes,280,I219_1,219,1,"Relative Delta, 1-4/1-30 Hz, Right Anterior",FFT_PowerRatio 1-4//1-30 Right Anterior_avg,rel_delta_right_anterior,relative_power,,band/broadband ratio of µV amplitudes (dimensionless); clamped at Ratio Max 10. NOT conventional relative power (band power ÷ total power) — equals its square root.,uV,delta,1.0,4.0,right,anterior,,FFTEngine01,4.0,8.0,8,ordinal,MMX,"band/1-30 Hz ratio of uV amplitude, not conventional rel power"
64.0,0.5,2.0,4,128,3,,,,yes,281,I220_1,220,1,"Relative Delta, 1-4/1-30 Hz, Right Hemisphere",FFT_PowerRatio 1-4//1-30 Right Hemisphere_avg,rel_delta_right_hemisphere,relative_power,,band/broadband ratio of µV amplitudes (dimensionless); clamped at Ratio Max 10. NOT conventional relative power (band power ÷ total power) — equals its square root.,uV,delta,1.0,4.0,right,hemisphere,,FFTEngine01,4.0,8.0,8,ordinal,MMX,"band/1-30 Hz ratio of uV amplitude, not conventional rel power"
64.0,0.5,2.0,4,128,3,,,,yes,282,I221_1,221,1,"Relative Delta, 1-4/1-30 Hz, Right Posterior",FFT_PowerRatio 1-4//1-30 Right Posterior_avg,rel_delta_right_posterior,relative_power,,band/broadband ratio of µV amplitudes (dimensionless); clamped at Ratio Max 10. NOT conventional relative power (band power ÷ total power) — equals its square root.,uV,delta,1.0,4.0,right,posterior,,FFTEngine01,4.0,8.0,8,ordinal,MMX,"band/1-30 Hz ratio of uV amplitude, not conventional rel power"
64.0,0.5,2.0,4,128,3,,,,yes,283,I222_1,222,1,"Relative Theta, 4-8/1-30 Hz, All 10-20",FFT_PowerRatio 4-8//1-30 All 10-20_avg,rel_theta_all,relative_power,,band/broadband ratio of µV amplitudes (dimensionless); clamped at Ratio Max 10. NOT conventional relative power (band power ÷ total power) — equals its square root.,uV,theta,4.0,8.0,,,,FFTEngine01,4.0,8.0,8,ordinal,MMX,"band/1-30 Hz ratio of uV amplitude, not conventional rel power"
64.0,0.5,2.0,4,128,3,,,,yes,284,I223_1,223,1,"Relative Theta, 4-8/1-30 Hz, Anterior",FFT_PowerRatio 4-8//1-30 Anterior_avg,rel_theta_anterior,relative_power,,band/broadband ratio of µV amplitudes (dimensionless); clamped at Ratio Max 10. NOT conventional relative power (band power ÷ total power) — equals its square root.,uV,theta,4.0,8.0,,anterior,,FFTEngine01,4.0,8.0,8,ordinal,MMX,"band/1-30 Hz ratio of uV amplitude, not conventional rel power"
64.0,0.5,2.0,4,128,3,,,,yes,285,I224_1,224,1,"Relative Theta, 4-8/1-30 Hz, Left Anterior",FFT_PowerRatio 4-8//1-30 Left Anterior_avg,rel_theta_left_anterior,relative_power,,band/broadband ratio of µV amplitudes (dimensionless); clamped at Ratio Max 10. NOT conventional relative power (band power ÷ total power) — equals its square root.,uV,theta,4.0,8.0,left,anterior,,FFTEngine01,4.0,8.0,8,ordinal,MMX,"band/1-30 Hz ratio of uV amplitude, not conventional rel power"
64.0,0.5,2.0,4,128,3,,,,yes,286,I225_1,225,1,"Relative Theta, 4-8/1-30 Hz, Left Hemisphere",FFT_PowerRatio 4-8//1-30 Left Hemisphere_avg,rel_theta_left_hemisphere,relative_power,,band/broadband ratio of µV amplitudes (dimensionless); clamped at Ratio Max 10. NOT conventional relative power (band power ÷ total power) — equals its square root.,uV,theta,4.0,8.0,left,hemisphere,,FFTEngine01,4.0,8.0,8,ordinal,MMX,"band/1-30 Hz ratio of uV amplitude, not conventional rel power"
64.0,0.5,2.0,4,128,3,,,,yes,287,I226_1,226,1,"Relative Theta, 4-8/1-30 Hz, Left Posterior",FFT_PowerRatio 4-8//1-30 Left Posterior_avg,rel_theta_left_posterior,relative_power,,band/broadband ratio of µV amplitudes (dimensionless); clamped at Ratio Max 10. NOT conventional relative power (band power ÷ total power) — equals its square root.,uV,theta,4.0,8.0,left,posterior,,FFTEngine01,4.0,8.0,8,ordinal,MMX,"band/1-30 Hz ratio of uV amplitude, not conventional rel power"
64.0,0.5,2.0,4,128,3,,,,yes,288,I227_1,227,1,"Relative Theta, 4-8/1-30 Hz, Posterior",FFT_PowerRatio 4-8//1-30 Posterior_avg,rel_theta_posterior,relative_power,,band/broadband ratio of µV amplitudes (dimensionless); clamped at Ratio Max 10. NOT conventional relative power (band power ÷ total power) — equals its square root.,uV,theta,4.0,8.0,,posterior,,FFTEngine01,4.0,8.0,8,ordinal,MMX,"band/1-30 Hz ratio of uV amplitude, not conventional rel power"
64.0,0.5,2.0,4,128,3,,,,yes,289,I228_1,228,1,"Relative Theta, 4-8/1-30 Hz, Right Anterior",FFT_PowerRatio 4-8//1-30 Right Anterior_avg,rel_theta_right_anterior,relative_power,,band/broadband ratio of µV amplitudes (dimensionless); clamped at Ratio Max 10. NOT conventional relative power (band power ÷ total power) — equals its square root.,uV,theta,4.0,8.0,right,anterior,,FFTEngine01,4.0,8.0,8,ordinal,MMX,"band/1-30 Hz ratio of uV amplitude, not conventional rel power"
64.0,0.5,2.0,4,128,3,,,,yes,290,I229_1,229,1,"Relative Theta, 4-8/1-30 Hz, Right Hemisphere",FFT_PowerRatio 4-8//1-30 Right Hemisphere_avg,rel_theta_right_hemisphere,relative_power,,band/broadband ratio of µV amplitudes (dimensionless); clamped at Ratio Max 10. NOT conventional relative power (band power ÷ total power) — equals its square root.,uV,theta,4.0,8.0,right,hemisphere,,FFTEngine01,4.0,8.0,8,ordinal,MMX,"band/1-30 Hz ratio of uV amplitude, not conventional rel power"
64.0,0.5,2.0,4,128,3,,,,yes,291,I230_1,230,1,"Relative Theta, 4-8/1-30 Hz, Right Posterior",FFT_PowerRatio 4-8//1-30 Right Posterior_avg,rel_theta_right_posterior,relative_power,,band/broadband ratio of µV amplitudes (dimensionless); clamped at Ratio Max 10. NOT conventional relative power (band power ÷ total power) — equals its square root.,uV,theta,4.0,8.0,right,posterior,,FFTEngine01,4.0,8.0,8,ordinal,MMX,"band/1-30 Hz ratio of uV amplitude, not conventional rel power"
,,,,,,,,,,292,I231_1,231,1,Seizure Burden - 5 min - Percentage,Seizure Burden,seizure_burden_persyst_percentage,seizure_burden,,% (0–100) or category code per variant,,,,,,,,,,,,ordinal,MMX,Persyst-native 5 min burden metric
,,,,,,,,,,293,I232_1,232,1,Seizure Burden - 5 min- Category,Seizure Burden01,seizure_burden_persyst_category,seizure_burden,,% (0–100) or category code per variant,,,,,,,,,,,,ordinal,MMX,Persyst-native 5 min burden metric
,,,,,,,,,,294,I233_1,233,1,Status Epilepticus ACNS Metric (Binary),Electrographic Status Epilepticus,status_epilepticus_persyst_acns_binary,status_epilepticus,,binary (0/1) or % (0–100) per variant,,,,,,,,,,,,ordinal,MMX,ESE: ACNS / Advanced / Combined x binary|percent
,,,,,,,,,,295,I234_1,234,1,Status Epilepticus ACNS Metric (Percent),Electrographic Status Epilepticus01,status_epilepticus_persyst_acns_percent,status_epilepticus,,binary (0/1) or % (0–100) per variant,,,,,,,,,,,,ordinal,MMX,ESE: ACNS / Advanced / Combined x binary|percent
,,,,,,,,,,296,I235_1,235,1,Status Epilepticus Advanced Metric (Binary),Electrographic Status Epilepticus02,status_epilepticus_persyst_advanced_binary,status_epilepticus,,binary (0/1) or % (0–100) per variant,,,,,,,,,,,,ordinal,MMX,ESE: ACNS / Advanced / Combined x binary|percent
,,,,,,,,,,297,I236_1,236,1,Status Epilepticus Advanced Metric (Percent),Electrographic Status Epilepticus03,status_epilepticus_persyst_advanced_percent,status_epilepticus,,binary (0/1) or % (0–100) per variant,,,,,,,,,,,,ordinal,MMX,ESE: ACNS / Advanced / Combined x binary|percent
,,,,,,,,,,298,I237_1,237,1,Status Epilepticus Combined Metric (Binary),Electrographic Status Epilepticus04,status_epilepticus_persyst_combined_binary,status_epilepticus,,binary (0/1) or % (0–100) per variant,,,,,,,,,,,,ordinal,MMX,ESE: ACNS / Advanced / Combined x binary|percent
,,,,,,,,,,299,I238_1,238,1,Status Epilepticus Combined Metric (Percent),Electrographic Status Epilepticus05,status_epilepticus_persyst_combined_percent,status_epilepticus,,binary (0/1) or % (0–100) per variant,,,,,,,,,,,,ordinal,MMX,ESE: ACNS / Advanced / Combined x binary|percent
,,,,,,,,,,300,I239_1,239,1,Comment,,annotation,annotation,,text,,,,,,,,,,,,tail,P-DOC,free-text comment
,,,,,,,,,,301,I240_1,240,1,Time,,other_i240s1,other,,,,,,,,,,,,,,tail,EMP,no vendor source identified
